problem_file,selection_method,crossover_method,mutation_method,elitism,diversity_injection,final_best_fitness_error,convergence_rate,time_taken
ulysses22,tournament,pmx,swap,1,1,12.624174152763914,0.1122222222222222,2.29457680384318
ulysses22,tournament,pmx,swap,1,0,21.212985408051715,0.1165555555555555,2.3312673568725586
ulysses22,tournament,pmx,swap,0,1,5.328200009506155,0.1034444444444444,2.1091414292653403
ulysses22,tournament,pmx,swap,0,0,11.236275488378723,0.1103333333333333,2.2423719565073648
ulysses22,tournament,pmx,inversion,1,1,1.9440087456628163,0.1135555555555555,2.2700632413228354
ulysses22,tournament,pmx,inversion,1,0,2.3290080327011737,0.1108888888888888,2.2080374558766684
ulysses22,tournament,pmx,inversion,0,1,1.7111079423926991,0.1418888888888888,2.881972551345825
ulysses22,tournament,pmx,inversion,0,0,2.6379580778554117,0.1274444444444444,2.5918265183766684
ulysses22,tournament,pmx,scramble,1,1,13.042444983126572,0.1152222222222222,2.295680522918701
ulysses22,tournament,pmx,scramble,1,0,6.578259422976377,0.1028888888888888,2.0523641109466557
ulysses22,tournament,pmx,scramble,0,1,17.32496791672608,0.1173333333333333,2.4145050048828125
ulysses22,tournament,pmx,scramble,0,0,14.492133656542611,0.1437777777777777,2.9517621994018555
ulysses22,tournament,order,swap,1,1,3.740672085175151,0.1192222222222222,2.4477012157440186
ulysses22,tournament,order,swap,1,0,3.959313655591996,0.1116666666666666,2.3059579531351724
ulysses22,tournament,order,swap,0,1,2.557155758353534,0.0945555555555555,1.9769856135050456
ulysses22,tournament,order,swap,0,0,4.639003754931317,0.1073333333333333,2.254103660583496
ulysses22,tournament,order,inversion,1,1,1.3546271210608871,0.1104444444444444,2.261120557785034
ulysses22,tournament,order,inversion,1,0,1.288084034412282,0.1046666666666666,2.124204238255819
ulysses22,tournament,order,inversion,0,1,1.2167878701459196,0.1034444444444444,2.142030636469523
ulysses22,tournament,order,inversion,0,0,1.844194115689909,0.1125555555555555,2.3280858198801675
ulysses22,tournament,order,scramble,1,1,5.77498930557536,0.0898888888888889,1.8466614087422688
ulysses22,tournament,order,scramble,1,0,5.14758306003137,0.0978888888888888,1.9961043993632
ulysses22,tournament,order,scramble,0,1,6.026902419316507,0.0887777777777777,1.85326353708903
ulysses22,tournament,order,scramble,0,0,7.804553448357812,0.1405555555555555,2.930974006652832
ulysses22,rank,pmx,swap,1,1,4.738818384904225,0.1063333333333333,2.1169604460398355
ulysses22,rank,pmx,swap,1,0,5.275916155710823,0.1085555555555555,2.1531843344370523
ulysses22,rank,pmx,swap,0,1,14.268739008508009,0.1028888888888888,2.10403823852539
ulysses22,rank,pmx,swap,0,0,9.42059983839536,0.0987777777777777,2.011983156204224
ulysses22,rank,pmx,inversion,1,1,1.4164171300917343,0.1228888888888889,2.449328660964966
ulysses22,rank,pmx,inversion,1,0,1.915490279956272,0.142,2.829554796218872
ulysses22,rank,pmx,inversion,0,1,2.471600361233899,0.1254444444444444,2.559907992680868
ulysses22,rank,pmx,inversion,0,0,1.9820333666048768,0.0972222222222222,2.0082600116729736
ulysses22,rank,pmx,scramble,1,1,17.106326346309235,0.144,2.88810396194458
ulysses22,rank,pmx,scramble,1,0,19.558914397072105,0.1985555555555555,3.951529741287232
ulysses22,rank,pmx,scramble,0,1,14.520652122249157,0.156,3.184819459915161
ulysses22,rank,pmx,scramble,0,0,15.818242311896952,0.1278888888888888,2.6001899242401123
ulysses22,rank,order,swap,1,1,9.1591805694187,0.1128888888888888,2.2829693953196206
ulysses22,rank,order,swap,1,0,9.244735966538334,0.125,2.530368169148763
ulysses22,rank,order,swap,0,1,6.255050144968867,0.0987777777777777,2.0572256247202554
ulysses22,rank,order,swap,0,0,2.8993773468320736,0.2078888888888889,4.281798839569092
ulysses22,rank,order,inversion,1,1,1.9249964351917868,0.1411111111111111,2.863930940628052
ulysses22,rank,order,inversion,1,0,1.482960216740339,0.1057777777777777,2.151829560597738
ulysses22,rank,order,inversion,0,1,1.0124055325823471,0.1067777777777777,2.2278242905934653
ulysses22,rank,order,inversion,0,0,2.3432672655544464,0.101,2.0960365931193032
ulysses22,rank,order,scramble,1,1,4.781596083464042,0.1683333333333333,3.4215537707010903
ulysses22,rank,order,scramble,1,0,7.343504919435335,0.1717777777777777,3.498064120610555
ulysses22,rank,order,scramble,0,1,7.861590379770902,0.1234444444444444,2.5748327573140464
ulysses22,rank,order,scramble,0,0,5.4090023290080325,0.1121111111111111,2.3368935585021973
gr48,tournament,pmx,swap,1,1,41.02919804465584,0.2867777777777778,7.267428716023763
gr48,tournament,pmx,swap,1,0,47.971991015986255,0.3842222222222222,9.70889695485433
gr48,tournament,pmx,swap,0,1,41.70299907517506,0.2735555555555555,7.063512325286865
gr48,tournament,pmx,swap,0,0,40.1968555951909,0.2736666666666666,7.053378025690715
gr48,tournament,pmx,inversion,1,1,8.052582903950324,0.2873333333333333,7.28220534324646
gr48,tournament,pmx,inversion,1,0,8.211124322896023,0.3121111111111111,7.889877716700236
gr48,tournament,pmx,inversion,0,1,8.528207160787423,0.3315555555555555,8.578157742818197
gr48,tournament,pmx,inversion,0,0,8.74620161183776,0.2578888888888889,6.66459862391154
gr48,tournament,pmx,scramble,1,1,92.58818866428857,0.2471111111111111,6.254178285598755
gr48,tournament,pmx,scramble,1,0,89.45699564011097,0.2505555555555556,6.34567403793335
gr48,tournament,pmx,scramble,0,1,83.26727440877262,0.2236666666666666,5.80089537302653
gr48,tournament,pmx,scramble,0,0,71.60787422380763,0.2681111111111111,6.962931950887044
gr48,tournament,order,swap,1,1,26.575505350772897,0.2301111111111111,6.340824604034424
gr48,tournament,order,swap,1,0,22.32131060906329,0.2789999999999999,7.683717091878255
gr48,tournament,order,swap,0,1,28.385519883736293,0.2756666666666666,7.806366205215454
gr48,tournament,order,swap,0,0,21.40309155766944,0.3068888888888888,8.670291821161905
gr48,tournament,order,inversion,1,1,2.840533756110451,0.2498888888888889,6.9051133791605634
gr48,tournament,order,inversion,1,0,3.831417624521072,0.3172222222222222,8.76219137509664
gr48,tournament,order,inversion,0,1,7.088122605363985,0.2738888888888889,7.761274417241414
gr48,tournament,order,inversion,0,0,5.278108072400582,0.3231111111111111,9.141990661621094
gr48,tournament,order,scramble,1,1,54.78927203065134,0.23,6.373809019724528
gr48,tournament,order,scramble,1,0,34.667723609459635,0.1996666666666666,5.530643542607625
gr48,tournament,order,scramble,0,1,38.5453824811732,0.2092222222222222,5.94679323832194
gr48,tournament,order,scramble,0,0,36.08799048751487,0.2095555555555555,5.955743074417114
gr48,rank,pmx,swap,1,1,47.086801426872775,0.3162222222222222,8.000223159790039
gr48,rank,pmx,swap,1,0,38.03012286959968,0.3552222222222221,8.952876249949137
gr48,rank,pmx,swap,0,1,37.62716342977936,0.3246666666666667,8.403714259465536
gr48,rank,pmx,swap,0,0,44.29250891795482,0.2982222222222222,7.710647106170654
gr48,rank,pmx,inversion,1,1,6.4407451446690445,0.2868888888888889,7.24134087562561
gr48,rank,pmx,inversion,1,0,9.08970801955344,0.254,6.392848412195842
gr48,rank,pmx,inversion,0,1,6.242568370986921,0.2748888888888889,7.094669580459595
gr48,rank,pmx,inversion,0,0,4.6769718588981375,0.2904444444444444,7.5128185749053955
gr48,rank,pmx,scramble,1,1,64.20927467300832,0.4472222222222222,11.321134487787882
gr48,rank,pmx,scramble,1,0,84.17228167525433,0.2203333333333333,5.575889746348064
gr48,rank,pmx,scramble,0,1,90.93671555027085,0.3261111111111111,8.434393008550009
gr48,rank,pmx,scramble,0,0,84.86590038314175,0.2672222222222222,6.9182688395182295
gr48,rank,order,swap,1,1,34.13264632051791,0.4217777777777778,11.641699155171713
gr48,rank,order,swap,1,0,27.71832474567314,0.2388888888888889,6.572576522827148
gr48,rank,order,swap,0,1,35.34813053243493,0.3387777777777778,9.56377903620402
gr48,rank,order,swap,0,0,35.17637732857709,0.2578888888888889,7.262601852416992
gr48,rank,order,inversion,1,1,6.956004756242568,0.2917777777777777,8.060408115386963
gr48,rank,order,inversion,1,0,2.83392786365438,0.2557777777777777,7.056531985600789
gr48,rank,order,inversion,0,1,4.577883472057075,0.2197777777777777,6.204476912816365
gr48,rank,order,inversion,0,0,6.922975293962215,0.2853333333333334,8.03071928024292
gr48,rank,order,scramble,1,1,35.843572466640246,0.2911111111111111,8.053892612457275
gr48,rank,order,scramble,1,0,48.55330955212049,0.2728888888888889,7.5389736493428545
gr48,rank,order,scramble,0,1,32.910556216144805,0.2983333333333333,8.450349807739258
gr48,rank,order,scramble,0,0,41.63033425815828,0.2589999999999999,7.325641632080078
berlin52,tournament,pmx,swap,1,1,33.59409528860603,0.3593333333333333,11.089195171991983
berlin52,tournament,pmx,swap,1,0,33.57641651197737,0.4776666666666667,14.700767517089844
berlin52,tournament,pmx,swap,0,1,39.84796252099355,0.3984444444444444,12.5930757522583
berlin52,tournament,pmx,swap,0,0,33.103509237160786,0.4466666666666666,14.062202294667562
berlin52,tournament,pmx,inversion,1,1,9.882436135419429,0.3195555555555555,9.842857758204142
berlin52,tournament,pmx,inversion,1,0,9.824980111376291,0.2886666666666667,8.944203615188599
berlin52,tournament,pmx,inversion,0,1,7.831698046495181,0.2753333333333333,8.715476989746094
berlin52,tournament,pmx,inversion,0,0,8.848227702642978,0.4162222222222222,13.165443658828735
berlin52,tournament,pmx,scramble,1,1,92.47768054450631,0.2662222222222222,8.266085147857666
berlin52,tournament,pmx,scramble,1,0,69.95049942543976,0.3621111111111111,11.17766539255778
berlin52,tournament,pmx,scramble,0,1,95.18253336869088,0.3217777777777778,10.209752321243286
berlin52,tournament,pmx,scramble,0,0,68.51851851851852,0.4522222222222222,14.310718774795532
berlin52,tournament,order,swap,1,1,26.381154424113856,0.3584444444444445,11.979830741882324
berlin52,tournament,order,swap,1,0,28.931317952797663,0.2506666666666666,8.433491150538126
berlin52,tournament,order,swap,0,1,22.27083885795103,0.2385555555555555,8.22036329905192
berlin52,tournament,order,swap,0,0,20.79908070361531,0.3567777777777778,12.1962362130483
berlin52,tournament,order,inversion,1,1,11.79174401131442,0.2444444444444444,8.21763817469279
berlin52,tournament,order,inversion,1,0,9.038274551401043,0.241,8.093576113382975
berlin52,tournament,order,inversion,0,1,7.999646424467426,0.34,11.721781094868978
berlin52,tournament,order,inversion,0,0,11.89781667108636,0.2977777777777777,10.247727473576864
berlin52,tournament,order,scramble,1,1,40.1264032528949,0.2288888888888889,7.66868789990743
berlin52,tournament,order,scramble,1,0,43.65773888446919,0.2696666666666666,9.052396933237713
berlin52,tournament,order,scramble,0,1,44.53725802174489,0.2125555555555555,7.320779323577881
berlin52,tournament,order,scramble,0,0,45.86758596305136,0.2228888888888889,7.700242439905803
berlin52,rank,pmx,swap,1,1,40.3739061256961,0.3822222222222222,11.833091179529823
berlin52,rank,pmx,swap,1,0,43.52072836559711,0.3836666666666666,11.852555990219116
berlin52,rank,pmx,swap,0,1,38.91098735967472,0.3677777777777777,11.61893113454183
berlin52,rank,pmx,swap,0,0,35.47688499955803,0.3858888888888889,12.185751597086588
berlin52,rank,pmx,inversion,1,1,12.048086272429948,0.319,9.906638542811075
berlin52,rank,pmx,inversion,1,0,9.559798461946434,0.3551111111111111,10.92469573020935
berlin52,rank,pmx,inversion,0,1,8.62724299478476,0.3342222222222222,10.581855217615765
berlin52,rank,pmx,inversion,0,0,9.082471492972688,0.3133333333333333,9.919037342071531
berlin52,rank,pmx,scramble,1,1,83.16538495536109,0.267,8.2820352713267
berlin52,rank,pmx,scramble,1,0,86.27242994784761,0.4048888888888888,12.58677331606547
berlin52,rank,pmx,scramble,0,1,94.63449129320252,0.3118888888888889,9.932895024617514
berlin52,rank,pmx,scramble,0,0,85.38407142225758,0.33,10.4457585811615
berlin52,rank,order,swap,1,1,23.75143640060108,0.425,14.21459706624349
berlin52,rank,order,swap,1,0,23.972421108459297,0.4063333333333334,13.566789150238035
berlin52,rank,order,swap,0,1,24.706090338548574,0.3708888888888889,12.71846079826355
berlin52,rank,order,swap,0,0,33.18748342614691,0.2732222222222222,9.373098850250244
berlin52,rank,order,inversion,1,1,10.231591973835412,0.28,9.387046416600546
berlin52,rank,order,inversion,1,0,13.055776540263414,0.2587777777777778,8.644582907358805
berlin52,rank,order,inversion,0,1,11.318836736497836,0.2693333333333332,9.25648578008016
berlin52,rank,order,inversion,0,0,11.287898877397684,0.2613333333333333,8.971106688181559
berlin52,rank,order,scramble,1,1,58.69353840714223,0.3961111111111111,13.343193610509235
berlin52,rank,order,scramble,1,0,49.83205162202776,0.4102222222222222,13.784426848093668
berlin52,rank,order,scramble,0,1,41.99593388137541,0.4896666666666666,16.879287163416546
berlin52,rank,order,scramble,0,0,57.40740740740741,0.3283333333333333,11.288989623387655
brazil58,tournament,pmx,swap,1,1,51.3670670079412,0.4747777777777778,15.39475162823995
brazil58,tournament,pmx,swap,1,0,38.495766883244734,0.5107777777777778,16.533087491989136
brazil58,tournament,pmx,swap,0,1,44.04016538688719,0.5146666666666667,17.09885509808858
brazil58,tournament,pmx,swap,0,0,46.04580954256088,0.4327777777777777,14.353569269180298
brazil58,tournament,pmx,inversion,1,1,3.5400669423114786,0.3977777777777778,12.948352893193563
brazil58,tournament,pmx,inversion,1,0,4.6255824637395815,0.2926666666666667,9.491830825805664
brazil58,tournament,pmx,inversion,0,1,4.859224256743454,0.3343333333333333,11.150748411814371
brazil58,tournament,pmx,inversion,0,0,4.111045481393974,0.4637777777777778,15.528106848398844
brazil58,tournament,pmx,scramble,1,1,113.96994158955177,0.3584444444444445,11.694877465566
brazil58,tournament,pmx,scramble,1,0,104.5704535013454,0.2655555555555555,8.667523384094238
brazil58,tournament,pmx,scramble,0,1,94.33353022248474,0.4348888888888889,14.54189642270406
brazil58,tournament,pmx,scramble,0,0,113.70085974929448,0.3083333333333333,10.324687242507936
brazil58,tournament,order,swap,1,1,36.553127256021526,0.3317777777777778,11.90332531929016
brazil58,tournament,order,swap,1,0,29.474305965741284,0.3839999999999999,13.74316922823588
brazil58,tournament,order,swap,0,1,29.63575506989565,0.3712222222222222,13.650749762852987
brazil58,tournament,order,swap,0,0,20.28220778368445,0.354,12.986339728037516
brazil58,tournament,order,inversion,1,1,4.538951237120168,0.377,13.551360925038656
brazil58,tournament,order,inversion,1,0,5.067926757235676,0.3223333333333333,11.570954958597818
brazil58,tournament,order,inversion,0,1,4.752904114983264,0.4414444444444445,16.26226552327474
brazil58,tournament,order,inversion,0,0,4.836910152917241,0.3971111111111111,14.612728198369345
brazil58,tournament,order,scramble,1,1,76.36148848198464,0.3184444444444445,11.435124715169271
brazil58,tournament,order,scramble,1,0,50.81446478965676,0.3244444444444445,11.628348032633465
brazil58,tournament,order,scramble,0,1,44.04410316991533,0.3905555555555555,14.385739088058472
brazil58,tournament,order,scramble,0,0,39.41589551749032,0.3194444444444445,11.715977589289349
brazil58,rank,pmx,swap,1,1,47.41747063070159,0.4681111111111111,15.184058030446373
brazil58,rank,pmx,swap,1,0,43.61619741418915,0.3761111111111111,12.197312513987224
brazil58,rank,pmx,swap,0,1,41.68143335302224,0.599,19.94136397043864
brazil58,rank,pmx,swap,0,0,43.10428562052897,0.3645555555555556,12.115740617116291
brazil58,rank,pmx,inversion,1,1,4.223928594867756,0.359,11.75975505510966
brazil58,rank,pmx,inversion,1,0,3.8091487825687462,0.37,12.028311729431152
brazil58,rank,pmx,inversion,0,1,7.28096081905887,0.3371111111111111,11.218222459157309
brazil58,rank,pmx,inversion,0,0,3.0478440637920854,0.3146666666666667,10.475731452306112
brazil58,rank,pmx,scramble,1,1,94.90057097853908,0.4803333333333333,15.702941179275513
brazil58,rank,pmx,scramble,1,0,99.71779221631554,0.4458888888888889,14.543545722961426
brazil58,rank,pmx,scramble,0,1,117.8434074949137,0.3507777777777778,11.729875961939491
brazil58,rank,pmx,scramble,0,0,82.98877731836976,0.4961111111111111,16.60456657409668
brazil58,rank,order,swap,1,1,25.485331758220124,0.5094444444444445,18.18576391537984
brazil58,rank,order,swap,1,0,25.40920128634245,0.4924444444444444,17.586339712142944
brazil58,rank,order,swap,0,1,37.61632867362341,0.3814444444444445,13.974352757136026
brazil58,rank,order,swap,0,0,39.19012929054276,0.4388888888888889,16.056006908416748
brazil58,rank,order,inversion,1,1,4.137297368248343,0.347,12.451128482818604
brazil58,rank,order,inversion,1,0,3.596508499048369,0.3967777777777777,14.19567084312439
brazil58,rank,order,inversion,0,1,5.94211458948612,0.3851111111111111,14.16177487373352
brazil58,rank,order,inversion,0,0,5.1545579838550895,0.3294444444444444,12.124557654062906
brazil58,rank,order,scramble,1,1,42.48999146813677,0.4616666666666666,16.583026091257732
brazil58,rank,order,scramble,1,0,58.32119183566319,0.3799999999999999,13.635536511739096
brazil58,rank,order,scramble,0,1,37.10047909693509,0.6193333333333334,22.80560000737508
brazil58,rank,order,scramble,0,0,48.558115114523865,0.3402222222222222,12.580029726028442
st70,tournament,pmx,swap,1,1,57.62962962962964,0.6742222222222223,27.44661871592204
st70,tournament,pmx,swap,1,0,65.77777777777779,0.485,19.79727514584859
st70,tournament,pmx,swap,0,1,64.0,0.6137777777777779,25.73951816558838
st70,tournament,pmx,swap,0,0,67.1111111111111,0.6025555555555556,25.135537068049118
st70,tournament,pmx,inversion,1,1,13.23456790123457,0.3802222222222222,15.60851033528646
st70,tournament,pmx,inversion,1,0,8.395061728395062,0.527,21.487287203470867
st70,tournament,pmx,inversion,0,1,12.839506172839506,0.4889999999999999,20.54268805185954
st70,tournament,pmx,inversion,0,0,10.666666666666666,0.434,18.152305364608765
st70,tournament,pmx,scramble,1,1,142.6172839506173,0.5152222222222224,21.25322349866231
st70,tournament,pmx,scramble,1,0,187.20987654320984,0.3306666666666666,13.619789679845177
st70,tournament,pmx,scramble,0,1,117.62962962962962,0.3648888888888889,15.470221916834513
st70,tournament,pmx,scramble,0,0,136.2962962962963,0.3628888888888888,15.2622119585673
st70,tournament,order,swap,1,1,50.913580246913575,0.3887777777777778,17.665449778238933
st70,tournament,order,swap,1,0,44.14814814814815,0.4028888888888889,18.30620805422465
st70,tournament,order,swap,0,1,42.17283950617284,0.5102222222222222,23.818434317906696
st70,tournament,order,swap,0,0,37.97530864197531,0.427,19.84423462549845
st70,tournament,order,inversion,1,1,7.506172839506173,0.3913333333333333,17.856568733851116
st70,tournament,order,inversion,1,0,9.382716049382717,0.4045555555555555,18.419692277908325
st70,tournament,order,inversion,0,1,9.4320987654321,0.5075555555555554,23.69019881884257
st70,tournament,order,inversion,0,0,11.901234567901234,0.4805555555555555,22.408442815144856
st70,tournament,order,scramble,1,1,60.14814814814815,0.3511111111111111,16.076338688532513
st70,tournament,order,scramble,1,0,71.45679012345678,0.4108888888888889,18.730281829833984
st70,tournament,order,scramble,0,1,56.197530864197525,0.4432222222222222,20.90882213910421
st70,tournament,order,scramble,0,0,58.41975308641975,0.4341111111111111,20.33881425857544
st70,rank,pmx,swap,1,1,69.67901234567901,0.4042222222222222,16.563061634699505
st70,rank,pmx,swap,1,0,75.70370370370371,0.5978888888888889,24.471589883168537
st70,rank,pmx,swap,0,1,72.5432098765432,0.4314444444444444,18.16536680857341
st70,rank,pmx,swap,0,0,75.50617283950618,0.4577777777777778,19.238213698069256
st70,rank,pmx,inversion,1,1,11.555555555555555,0.45,18.501031398773197
st70,rank,pmx,inversion,1,0,8.543209876543209,0.4356666666666667,17.82867892583211
st70,rank,pmx,inversion,0,1,8.34567901234568,0.4813333333333333,20.17670718828837
st70,rank,pmx,inversion,0,0,8.88888888888889,0.4635555555555555,19.472331126530964
st70,rank,pmx,scramble,1,1,135.30864197530863,0.6356666666666667,26.2684801419576
st70,rank,pmx,scramble,1,0,143.80246913580245,0.439,18.15668471654256
st70,rank,pmx,scramble,0,1,135.60493827160494,0.4213333333333333,17.885440349578857
st70,rank,pmx,scramble,0,0,135.9506172839506,0.4621111111111111,19.577113310496014
st70,rank,order,swap,1,1,51.95061728395061,0.5125555555555555,23.298635959625244
st70,rank,order,swap,1,0,50.51851851851851,0.6646666666666666,30.102854649225872
st70,rank,order,swap,0,1,47.4074074074074,0.4422222222222222,20.613086303075157
st70,rank,order,swap,0,0,46.51851851851851,0.5461111111111111,25.297063906987507
st70,rank,order,inversion,1,1,6.962962962962963,0.503,22.793344020843502
st70,rank,order,inversion,1,0,7.901234567901235,0.4435555555555555,20.062421480814617
st70,rank,order,inversion,0,1,9.234567901234568,0.391,18.11917010943095
st70,rank,order,inversion,0,0,6.222222222222222,0.4574444444444444,21.198719024658203
st70,rank,order,scramble,1,1,103.90123456790124,0.4591111111111111,21.05813392003377
st70,rank,order,scramble,1,0,75.55555555555556,0.428,19.57638955116272
st70,rank,order,scramble,0,1,79.95061728395062,0.5037777777777778,23.78407820065816
st70,rank,order,scramble,0,0,86.51851851851852,0.3454444444444444,16.273427327473957
eil101,tournament,pmx,swap,1,1,66.77265500794913,0.7799999999999999,45.38102984428406
eil101,tournament,pmx,swap,1,0,64.22893481717011,0.8642222222222222,50.201860427856445
eil101,tournament,pmx,swap,0,1,74.35082140964494,0.608,36.33223509788513
eil101,tournament,pmx,swap,0,0,78.37837837837839,0.6014444444444444,35.68781725565592
eil101,tournament,pmx,inversion,1,1,15.73926868044515,0.7051111111111111,40.87157360712687
eil101,tournament,pmx,inversion,1,0,10.969793322734498,0.782,45.14451217651367
eil101,tournament,pmx,inversion,0,1,23.476417594064653,0.5063333333333333,30.201687177022297
eil101,tournament,pmx,inversion,0,0,14.626391096979331,0.5673333333333334,33.73941286404928
eil101,tournament,pmx,scramble,1,1,162.53312135665078,0.6322222222222221,37.10769001642863
eil101,tournament,pmx,scramble,1,0,177.00052994170642,0.4801111111111111,28.130017518997192
eil101,tournament,pmx,scramble,0,1,168.30948595654476,0.5813333333333334,35.11009764671326
eil101,tournament,pmx,scramble,0,0,165.6597774244833,0.4675555555555555,28.150827487309773
eil101,tournament,order,swap,1,1,48.3836777954425,0.6346666666666666,42.89007576306661
eil101,tournament,order,swap,1,0,47.95972443031267,0.5876666666666667,39.70017234484354
eil101,tournament,order,swap,0,1,44.40911499735029,0.4652222222222222,32.34185155232748
eil101,tournament,order,swap,0,0,50.45045045045044,0.6023333333333333,41.66673684120178
eil101,tournament,order,inversion,1,1,10.704822469528352,0.7358888888888889,49.77868294715881
eil101,tournament,order,inversion,1,0,14.043455219925807,0.5743333333333333,38.85996143023173
eil101,tournament,order,inversion,0,1,17.01112877583466,0.6672222222222223,46.25622224807739
eil101,tournament,order,inversion,0,0,13.72549019607843,0.7601111111111112,52.46652563412984
eil101,tournament,order,scramble,1,1,89.87811340752518,0.5314444444444444,36.28288213411967
eil101,tournament,order,scramble,1,0,86.00953895071542,0.4413333333333333,30.04171101252238
eil101,tournament,order,scramble,0,1,87.17541070482247,0.5656666666666667,39.4906792640686
eil101,tournament,order,scramble,0,0,88.12930577636457,0.3553333333333333,24.95955228805542
eil101,rank,pmx,swap,1,1,62.21515633280338,0.7642222222222221,44.67424050966898
eil101,rank,pmx,swap,1,0,65.18282988871223,0.923777777777778,53.7807366847992
eil101,rank,pmx,swap,0,1,55.48489666136725,0.8688888888888888,51.88576126098633
eil101,rank,pmx,swap,0,0,68.09750927397987,0.9244444444444444,55.23414508501688
eil101,rank,pmx,inversion,1,1,14.520402755696873,0.5855555555555556,34.159321308135986
eil101,rank,pmx,inversion,1,0,17.75304716481187,0.5437777777777778,31.668135404586792
eil101,rank,pmx,inversion,0,1,14.679385267620562,0.5897777777777778,35.16777857144674
eil101,rank,pmx,inversion,0,0,15.156332803391626,0.6642222222222222,39.52011926968893
eil101,rank,pmx,scramble,1,1,175.83465818759933,0.653888888888889,38.59460377693176
eil101,rank,pmx,scramble,1,0,168.04451510333865,0.5627777777777777,33.13387004534403
eil101,rank,pmx,scramble,0,1,161.79120296767354,0.6037777777777777,36.52924021085104
eil101,rank,pmx,scramble,0,0,150.7154213036566,0.6706666666666666,40.39756774902344
eil101,rank,order,swap,1,1,51.82829888712242,0.7758888888888889,52.305745442708336
eil101,rank,order,swap,1,0,52.252252252252255,0.7081111111111111,47.70341046651205
eil101,rank,order,swap,0,1,46.89984101748808,0.5897777777777777,40.796619256337486
eil101,rank,order,swap,0,0,46.74085850556438,0.8056666666666668,55.63382109006246
eil101,rank,order,inversion,1,1,14.67938526762056,0.5698888888888889,38.35855372746786
eil101,rank,order,inversion,1,0,14.096449390567038,0.5677777777777778,38.11536916097005
eil101,rank,order,inversion,0,1,13.72549019607843,0.6011111111111112,41.41043337186178
eil101,rank,order,inversion,0,0,11.81770005299417,0.6756666666666667,46.48864507675171
eil101,rank,order,scramble,1,1,102.91467938526762,0.7052222222222223,48.01919356981913
eil101,rank,order,scramble,1,0,69.21038685744568,0.7756666666666666,52.72697559992472
eil101,rank,order,scramble,0,1,72.91997880233174,0.7526666666666667,52.52909739812216
eil101,rank,order,scramble,0,0,82.3529411764706,0.6523333333333333,45.5220475991567
lin105,tournament,pmx,swap,1,1,114.31022092403276,0.9234444444444444,56.81326691309611
lin105,tournament,pmx,swap,1,0,117.660013445534,1.0,61.353529930114746
lin105,tournament,pmx,swap,0,1,101.82210167605535,0.9761111111111112,61.53590488433838
lin105,tournament,pmx,swap,0,0,127.35934348702968,0.9388888888888888,58.87099941571554
lin105,tournament,pmx,inversion,1,1,16.786053735772075,0.8079999999999999,49.67550619443258
lin105,tournament,pmx,inversion,1,0,23.388274567076987,0.6718888888888889,41.19170983632406
lin105,tournament,pmx,inversion,0,1,18.758838120407077,0.7842222222222222,49.480250438054405
lin105,tournament,pmx,inversion,0,0,20.27493798826993,0.886,55.78733913103739
lin105,tournament,pmx,scramble,1,1,289.714166492802,0.5453333333333333,33.579152504603066
lin105,tournament,pmx,scramble,1,0,254.63523193546143,0.6203333333333333,38.265220165252686
lin105,tournament,pmx,scramble,0,1,281.2365254885597,0.6084444444444445,38.7649834950765
lin105,tournament,pmx,scramble,0,0,261.4275447991284,0.7172222222222223,45.31875507036845
lin105,tournament,order,swap,1,1,71.25205739852099,0.8817777777777778,62.476994593938194
lin105,tournament,order,swap,1,0,70.84405498759766,0.7398888888888889,52.45642431577047
lin105,tournament,order,swap,0,1,63.62751234439112,0.8822222222222221,64.51773428916931
lin105,tournament,order,swap,0,0,80.18406472401882,0.7322222222222221,53.33881719907125
lin105,tournament,order,inversion,1,1,13.410761063588104,0.7863333333333333,55.97952278455099
lin105,tournament,order,inversion,1,0,14.896724389735033,0.7004444444444444,49.75567936897278
lin105,tournament,order,inversion,0,1,10.610380879523378,0.9351111111111112,68.39492376645406
lin105,tournament,order,inversion,0,0,11.890024804692027,0.8478888888888889,61.795661211013794
lin105,tournament,order,scramble,1,1,93.01991329948768,0.6915555555555555,51.546591997146606
lin105,tournament,order,scramble,1,0,120.13352806175672,0.4921111111111111,36.301731745402016
lin105,tournament,order,scramble,0,1,132.14641722882905,0.5395555555555556,40.95715912183126
lin105,tournament,order,scramble,0,0,140.64955838375408,0.5106666666666667,38.775566260019936
ulysses22,sus,pmx,swap,1,1,42.09800846047816,0.234,4.557750066121419
ulysses22,sus,pmx,swap,1,0,37.04548695280194,0.2252222222222222,4.510175784428914
ulysses22,sus,pmx,swap,0,1,69.0336993203099,0.0772222222222222,1.5537428855895996
ulysses22,sus,pmx,swap,0,0,62.09420599838395,0.0997777777777777,1.999293088912964
ulysses22,sus,pmx,inversion,1,1,26.018346879604547,0.2253333333333333,4.397080739339192
ulysses22,sus,pmx,inversion,1,0,30.24383288179096,0.3503333333333333,6.88572637240092
ulysses22,sus,pmx,inversion,0,1,68.64870003327154,0.079,1.5943172772725422
ulysses22,sus,pmx,inversion,0,0,67.56499833642283,0.1605555555555555,3.1798292795817056
ulysses22,sus,pmx,scramble,1,1,38.26227482294786,0.3072222222222222,6.007449626922607
ulysses22,sus,pmx,scramble,1,0,37.28789391130757,0.2822222222222222,5.4905104637146
ulysses22,sus,pmx,scramble,0,1,66.07728504206473,0.1565555555555555,3.1837687492370605
ulysses22,sus,pmx,scramble,0,0,66.11055658538903,0.0983333333333333,2.000127077102661
ulysses22,sus,order,swap,1,1,27.064023955511196,0.3874444444444444,7.969607512156169
ulysses22,sus,order,swap,1,0,38.33832406483197,0.2082222222222222,4.350204388300578
ulysses22,sus,order,swap,0,1,70.53567184752127,0.0868888888888889,1.8175968329111736
ulysses22,sus,order,swap,0,0,70.4976472265792,0.0942222222222222,2.132810513178508
ulysses22,sus,order,inversion,1,1,20.95631921669281,0.2202222222222222,4.4494202931722
ulysses22,sus,order,inversion,1,0,14.454109035600553,0.3482222222222222,7.234779040018718
ulysses22,sus,order,inversion,0,1,61.87556442796711,0.0853333333333333,1.7909536361694336
ulysses22,sus,order,inversion,0,0,69.1572793383716,0.1178888888888888,2.432644764582316
ulysses22,sus,order,scramble,1,1,26.118161509577448,0.2641111111111111,5.301993529001872
ulysses22,sus,order,scramble,1,0,26.35106231284757,0.1835555555555555,3.699477195739746
ulysses22,sus,order,scramble,0,1,68.48709539426778,0.1077777777777777,2.2367823918660483
ulysses22,sus,order,scramble,0,0,61.96111982508675,0.1767777777777777,3.6408148606618247
gr48,sus,pmx,swap,1,1,154.65715418152993,0.3335555555555556,8.513224919637045
gr48,sus,pmx,swap,1,0,135.16977143612104,0.4154444444444444,10.560587167739868
gr48,sus,pmx,swap,0,1,229.04610912934336,0.0745555555555555,2.0269147555033364
gr48,sus,pmx,swap,0,0,230.47958779231075,0.0732222222222222,1.9194428126017251
gr48,sus,pmx,inversion,1,1,103.05192231470473,0.5684444444444444,14.980965534845987
gr48,sus,pmx,inversion,1,0,111.93684766811998,0.4821111111111111,12.733280976613363
gr48,sus,pmx,inversion,0,1,213.6609855991545,0.102,2.7263895670572915
gr48,sus,pmx,inversion,0,0,223.6755185625578,0.089,2.403872569402059
gr48,sus,pmx,scramble,1,1,167.36028537455408,0.2731111111111111,7.321618954340617
gr48,sus,pmx,scramble,1,0,155.78676179151805,0.2451111111111111,6.884386618932088
gr48,sus,pmx,scramble,0,1,221.38327388030123,0.1164444444444444,3.3030139605204263
gr48,sus,pmx,scramble,0,0,212.5842251288149,0.141,3.95289945602417
gr48,sus,order,swap,1,1,113.58171488968162,0.3617777777777777,10.47554636001587
gr48,sus,order,swap,0,1,227.1634297793632,0.0989999999999999,3.3982133865356445
gr48,sus,order,swap,0,0,231.36477738142423,0.1111111111111111,3.7050143082936606
gr48,sus,order,inversion,0,1,235.169771436121,0.0847777777777777,2.8953352769215903
gr48,sus,order,swap,1,0,138.7435592548553,0.2522222222222222,8.342726786931356
gr48,sus,order,inversion,0,0,237.33650416171227,0.0876666666666666,2.937150239944458
gr48,sus,order,inversion,1,1,122.38076364116792,0.3012222222222222,9.899402221043903
gr48,sus,order,scramble,0,1,224.99009116131592,0.1361111111111111,4.6964437166849775
gr48,sus,order,inversion,1,0,121.53520940679084,0.3764444444444444,12.431208690007528
gr48,sus,order,scramble,1,1,141.2604042806183,0.2892222222222222,9.636083126068115
gr48,sus,order,scramble,0,0,223.38485929449067,0.1057777777777777,3.586588462193807
gr48,sus,order,scramble,1,0,130.41352886775005,0.3158888888888888,10.473143815994264
berlin52,sus,pmx,swap,0,0,219.4245558207372,0.0817777777777777,3.240678151448568
berlin52,sus,pmx,swap,0,1,218.18262176257403,0.1458888888888888,5.879852851231893
berlin52,sus,pmx,swap,1,1,141.87660213913196,0.3354444444444444,12.549721002578735
berlin52,sus,pmx,inversion,0,1,201.78997613365155,0.1152222222222222,4.428234338760376
berlin52,sus,pmx,swap,1,0,123.53045169274286,0.4243333333333334,15.861731926600138
berlin52,sus,pmx,inversion,1,0,111.43374878458413,0.3527777777777778,13.439460833867392
berlin52,sus,pmx,inversion,0,0,217.43569345001325,0.1427777777777777,5.707073132197063
berlin52,sus,pmx,inversion,1,1,117.3428798727128,0.4125555555555555,15.61525066693624
berlin52,sus,pmx,scramble,0,1,218.56271546009015,0.079,3.144871791203817
berlin52,sus,pmx,scramble,0,0,212.6624237602758,0.1052222222222222,4.127592007319133
berlin52,sus,pmx,scramble,1,1,142.69424555820737,0.3118888888888889,12.052738269170126
berlin52,sus,pmx,scramble,1,0,143.52956775391144,0.3228888888888888,12.481126149495443
berlin52,sus,order,swap,0,1,221.43993635640413,0.1212222222222222,4.990172863006592
berlin52,sus,order,swap,0,0,218.64668964907628,0.0935555555555555,3.79401437441508
berlin52,sus,order,swap,1,1,114.72200123751436,0.4575555555555555,18.55681347846985
berlin52,sus,order,swap,1,0,120.06541147352604,0.4257777777777778,17.287750562032063
berlin52,sus,order,inversion,0,0,213.50658534429417,0.0995555555555555,4.14921514193217
berlin52,sus,order,inversion,1,1,107.21736055864932,0.3947777777777777,15.737782637278238
berlin52,sus,order,inversion,0,1,223.587907716786,0.179,7.409099578857422
berlin52,sus,order,inversion,1,0,102.95677539114293,0.4438888888888888,17.908067623774212
berlin52,sus,order,scramble,0,1,210.6028462830372,0.1647777777777777,6.921386162439982
berlin52,sus,order,scramble,0,0,218.85883496862016,0.1286666666666666,5.263948758443196
berlin52,sus,order,scramble,1,1,125.67400335896755,0.3518888888888889,14.283533414204916
brazil58,sus,pmx,swap,0,1,294.3873465905362,0.0928888888888889,3.875218152999878
berlin52,sus,order,scramble,1,0,118.30637319897464,0.4215555555555555,17.201713005701702
brazil58,sus,pmx,swap,0,0,281.1104548139397,0.0745555555555555,3.2479560375213623
brazil58,sus,pmx,swap,1,1,177.13854433287392,0.4176666666666667,17.065730571746826
brazil58,sus,pmx,inversion,0,1,284.0467283586008,0.0825555555555555,3.637676556905111
brazil58,sus,pmx,swap,1,0,166.53934501542298,0.5088888888888888,20.935597896575928
brazil58,sus,pmx,inversion,0,0,283.8905296318173,0.119,4.936891635258992
brazil58,sus,pmx,inversion,1,1,155.75113211262058,0.3971111111111111,16.726983070373535
brazil58,sus,pmx,inversion,1,0,150.73702172343636,0.4565555555555556,19.0056045850118
brazil58,sus,pmx,scramble,0,1,291.19905493207324,0.107,4.412874301274617
brazil58,sus,pmx,scramble,1,1,205.1755594933386,0.2173333333333333,8.726513226826986
brazil58,sus,pmx,scramble,0,0,269.4651178053423,0.0934444444444444,3.956113894780477
brazil58,sus,order,swap,0,1,294.7929382424361,0.104,5.0572396119435625
brazil58,sus,pmx,scramble,1,0,197.19236070092535,0.4058888888888889,16.740275065104168
brazil58,sus,order,swap,0,0,290.4298746472403,0.1349999999999999,6.134407043457031
brazil58,sus,order,swap,1,1,153.27820437093914,0.386111111111111,17.306207100550335
brazil58,sus,order,swap,1,0,163.05178184682026,0.3904444444444444,17.338332573572796
brazil58,sus,order,inversion,0,0,296.6686355581808,0.0761111111111111,3.6163134574890137
brazil58,sus,order,inversion,0,1,278.2896895714379,0.1354444444444444,6.545198361078898
brazil58,sus,order,inversion,1,1,155.11058607337404,0.4505555555555555,20.58127466837565
brazil58,sus,order,inversion,1,0,138.60339961934764,0.4288888888888889,19.37770454088847
brazil58,sus,order,scramble,0,1,283.6568878388134,0.0961111111111111,4.482535600662232
brazil58,sus,order,scramble,1,0,162.39417208111834,0.2941111111111111,13.3070494333903
brazil58,sus,order,scramble,1,1,175.30485003609635,0.3474444444444444,15.739667415618896
brazil58,sus,order,scramble,0,0,271.4313841307344,0.0881111111111111,4.056021769841512
st70,sus,pmx,swap,0,1,342.2222222222222,0.075,3.779147307078044
st70,sus,pmx,swap,0,0,344.0,0.0882222222222222,4.594749291737874
st70,sus,pmx,swap,1,0,240.6913580246913,0.3897777777777778,19.154590606689453
st70,sus,pmx,swap,1,1,215.9506172839506,0.3993333333333333,20.117027123769123
st70,sus,pmx,inversion,0,0,340.3950617283951,0.1076666666666666,5.759787321090698
st70,sus,pmx,inversion,0,1,335.358024691358,0.1627777777777777,8.597763458887735
st70,sus,pmx,inversion,1,1,190.66666666666663,0.5257777777777778,27.16306932767232
st70,sus,pmx,inversion,1,0,181.7283950617284,0.563888888888889,29.247427860895797
st70,sus,pmx,scramble,0,1,339.4074074074074,0.1238888888888889,6.5384392738342285
st70,sus,pmx,scramble,0,0,339.8518518518519,0.0984444444444444,5.150722583134969
st70,sus,pmx,scramble,1,1,228.0987654320988,0.3912222222222222,20.138712406158447
st70,sus,pmx,scramble,1,0,244.74074074074076,0.3622222222222222,18.63756434122721
st70,sus,order,swap,0,1,351.8518518518519,0.0835555555555555,4.758597532908122
st70,sus,order,swap,0,0,349.77777777777777,0.0768888888888888,4.423915863037109
st70,sus,order,swap,1,1,203.4074074074074,0.5057777777777778,28.49814534187317
st70,sus,order,inversion,1,1,193.679012345679,0.368,21.26262927055359
st70,sus,order,swap,1,0,191.55555555555557,0.5672222222222222,31.902998367945354
st70,sus,order,inversion,0,1,348.0,0.1043333333333333,6.290524323781331
st70,sus,order,inversion,0,0,356.5925925925926,0.0935555555555555,5.589083830515544
st70,sus,order,inversion,1,0,163.45679012345678,0.5543333333333332,31.795899629592896
st70,sus,order,scramble,0,1,345.5802469135803,0.1047777777777777,6.161333719889323
st70,sus,order,scramble,0,0,343.4567901234568,0.1021111111111111,6.058013757069905
st70,sus,order,scramble,1,1,239.1604938271605,0.2927777777777778,16.75372616449992
eil101,sus,pmx,swap,0,1,366.1367249602543,0.1047777777777777,7.990005334218343
st70,sus,order,scramble,1,0,214.6172839506173,0.5026666666666667,28.53540261586507
eil101,sus,pmx,swap,0,0,369.051404345522,0.0813333333333333,6.205610275268555
eil101,sus,pmx,swap,1,1,246.0519342872284,0.5286666666666667,38.2552653948466
eil101,sus,pmx,inversion,0,1,362.7450980392157,0.1055555555555555,8.501867373784384
eil101,sus,pmx,inversion,0,0,355.5378908320085,0.1151111111111111,8.666654268900553
eil101,sus,pmx,swap,1,0,232.32644409115,0.7136666666666667,50.983759005864464
eil101,sus,pmx,inversion,1,0,209.80392156862743,0.5104444444444445,38.14325698216757
eil101,sus,pmx,inversion,1,1,207.47217806041337,0.6081111111111112,45.53541795412699
eil101,sus,pmx,scramble,0,1,356.3328033916269,0.16,12.373170057932535
eil101,sus,pmx,scramble,0,0,359.4594594594594,0.0975555555555555,7.38840913772583
eil101,sus,pmx,scramble,1,1,290.77901430842604,0.2904444444444444,21.706319491068523
eil101,sus,pmx,scramble,1,0,277.63645998940115,0.2848888888888889,21.21102738380432
eil101,sus,order,swap,0,0,371.5421303656597,0.0697777777777777,5.999214808146159
eil101,sus,order,swap,0,1,362.2151563328034,0.1388888888888889,12.045334100723268
eil101,sus,order,swap,1,0,217.75304716481185,0.5288888888888889,44.38886404037476
eil101,sus,order,swap,1,1,219.1308956014838,0.569,47.54198630650839
eil101,sus,order,inversion,1,1,222.04557498675143,0.4182222222222222,35.27329142888387
eil101,sus,order,inversion,0,1,372.6020137784844,0.0852222222222222,7.379226128260295
eil101,sus,order,inversion,0,0,364.2289348171701,0.0843333333333333,7.294450680414836
eil101,sus,order,scramble,0,1,364.7058823529412,0.1154444444444444,10.132554769515991
eil101,sus,order,inversion,1,0,196.66136724960256,0.5642222222222223,47.63495143254598
eil101,sus,order,scramble,0,0,360.3603603603604,0.1346666666666666,12.017301003138224
eil101,sus,order,scramble,1,1,235.77106518282983,0.5241111111111111,44.65674956639608
lin105,sus,pmx,swap,1,1,411.1064747200778,0.3958888888888889,30.14233946800232
lin105,sus,pmx,swap,0,1,622.2639497415212,0.0797777777777777,6.2999288241068525
lin105,sus,pmx,swap,0,0,606.3333101513782,0.0894444444444444,6.872149149576823
lin105,sus,pmx,swap,1,0,449.2013816445279,0.3696666666666666,27.633102575937908
eil101,sus,order,scramble,1,0,212.1886592474828,0.6451111111111111,55.49400679270426
lin105,sus,pmx,inversion,0,1,598.1663073463616,0.1176666666666666,9.470776319503784
lin105,sus,pmx,inversion,0,0,618.2140621740037,0.1427777777777777,11.308654546737673
lin105,sus,pmx,inversion,1,1,368.0622203676658,0.4852222222222222,37.35797802607218
lin105,sus,pmx,scramble,0,1,591.0795836520851,0.0775555555555555,6.22581934928894
lin105,sus,pmx,scramble,1,1,465.9225259058349,0.3797777777777777,29.02695377667745
lin105,sus,pmx,inversion,1,0,361.85641096970113,0.5710000000000001,43.61483414967855
lin105,sus,pmx,scramble,0,0,606.0620812759348,0.0815555555555555,6.343649864196777
lin105,sus,order,swap,0,1,629.1860815541182,0.1235555555555555,11.004464626312256
lin105,sus,order,swap,0,0,621.4178083779585,0.0766666666666666,6.769699891408284
lin105,sus,pmx,scramble,1,0,422.4725873380161,0.6676666666666667,50.4410711924235
lin105,sus,order,swap,1,0,374.3514848042284,0.4793333333333333,41.39070916175842
lin105,sus,order,inversion,0,1,610.5083802767925,0.1081111111111111,9.588697830835978
lin105,sus,order,swap,1,1,351.74444212624894,0.7116666666666668,61.55750115712484
lin105,sus,order,inversion,0,0,615.4809096599207,0.0748888888888888,6.674912452697754
lin105,sus,order,inversion,1,0,339.65737070264504,0.6211111111111111,53.75498477617899
lin105,sus,order,inversion,1,1,343.8509863921923,0.7096666666666667,61.88463425636292
lin105,sus,order,scramble,0,1,606.3147645872453,0.0745555555555555,6.631158828735352
lin105,sus,order,scramble,0,0,597.8973966664348,0.0756666666666666,6.8863130410512285
lin105,sus,order,scramble,1,0,403.5445209448965,0.4614444444444445,40.05322321256002
lin105,sus,order,scramble,1,1,380.22579224331776,0.6208888888888889,53.99677411715189
lin105,rank,pmx,swap,1,1,122.84813501170689,0.9132222222222222,65.33314855893452
lin105,rank,pmx,swap,1,0,120.34216565825164,1.0,71.47472071647644
lin105,rank,pmx,swap,0,1,100.30136541715927,1.0,73.50288724899292
lin105,rank,pmx,swap,0,0,108.65846025453789,1.0,73.36682486534119
lin105,rank,pmx,inversion,1,1,17.04800982914899,0.8198888888888889,58.72871430714925
lin105,rank,pmx,inversion,1,0,15.508728006120036,0.8478888888888889,60.9799747467041
lin105,rank,pmx,inversion,0,1,13.338897002573198,0.824,61.08948016166687
lin105,rank,pmx,inversion,0,0,21.5592183044718,0.702111111111111,52.16698169708252
lin105,rank,pmx,scramble,1,1,264.5130630317361,0.6541111111111112,48.96295992533366
lin105,rank,pmx,scramble,1,0,256.1976957136565,0.8725555555555555,65.56544399261475
lin105,rank,pmx,scramble,0,1,262.1461854092774,0.7212222222222223,56.907389879226685
lin105,rank,pmx,scramble,0,0,262.25514059855806,0.717,56.28321210543314
lin105,rank,order,swap,1,1,97.24830192178408,1.0,86.29648208618164
lin105,rank,order,swap,1,0,93.92632774648212,0.8206666666666668,70.82634687423706
lin105,rank,order,swap,0,0,110.8537914087674,0.7987777777777779,70.57348783810933
lin105,rank,order,swap,0,1,101.81978348053876,0.9661111111111113,86.22626781463623
lin105,rank,order,inversion,1,1,13.742263022463314,0.684888888888889,60.13043212890625
lin105,rank,order,inversion,1,0,17.21028351531168,0.698,60.73187160491944
lin105,rank,order,inversion,0,1,14.421494308830006,0.6671111111111111,59.26868375142416
lin105,rank,order,inversion,0,0,11.966525256740155,0.6986666666666667,62.145662705103554
lin105,rank,order,scramble,1,1,149.89684029951084,0.7017777777777777,61.70977425575256
lin105,rank,order,scramble,0,1,139.1380949069245,0.6061111111111112,55.06435203552246
lin105,rank,order,scramble,1,0,169.62468414586087,0.6960000000000001,61.810014724731445
lin105,rank,order,scramble,0,0,140.31805642487885,0.6497777777777777,59.609836181004844
gr137,tournament,pmx,swap,1,1,117.29250473613637,0.998,141.26459018389383
gr137,tournament,pmx,swap,1,0,118.78945786150916,1.0,141.2469379901886
gr137,tournament,pmx,swap,0,1,138.40207292457018,1.0,145.72238445281982
gr137,tournament,pmx,swap,0,0,125.37042074069832,1.0,146.6059463818868
gr137,tournament,pmx,inversion,1,1,22.881861432818443,0.9742222222222222,138.80560366312662
gr137,tournament,pmx,inversion,1,0,20.195744396566123,1.0,142.60245370864868
gr137,tournament,pmx,inversion,0,1,22.64755987573905,1.0,146.65380064646402
gr137,tournament,pmx,inversion,0,0,22.79358080540564,0.956111111111111,140.25369135538736
gr137,tournament,pmx,scramble,1,0,302.5658645059387,0.713111111111111,102.05407691001892
gr137,tournament,pmx,scramble,1,1,286.7464532661446,0.8581111111111112,122.74266743659972
gr137,tournament,pmx,scramble,0,1,293.62184396757,0.8092222222222222,119.40394790967304
gr137,tournament,pmx,scramble,0,0,292.90128317084924,0.8027777777777777,118.15045301119488
gr137,tournament,order,swap,0,0,91.34993009128694,0.5953333333333334,100.4986051718394
gr137,tournament,order,swap,1,1,79.67445922150803,0.9318888888888888,152.85022362073263
gr137,tournament,order,swap,1,0,74.64341784413936,0.9368888888888888,152.61616937319437
gr137,tournament,order,swap,0,1,76.92582995719583,0.9307777777777778,156.27662189801535
gr137,tournament,order,inversion,1,0,20.57702126847332,0.809888888888889,129.65060591697693
gr137,tournament,order,inversion,1,1,18.78516312828368,0.9587777777777776,154.25326800346377
gr137,tournament,order,inversion,0,1,27.685759141816863,0.8355555555555556,138.20302057266235
gr137,tournament,order,inversion,0,0,21.56290114001307,1.0,166.31602438290915
gr137,tournament,order,scramble,0,1,134.77970404516148,0.7037777777777778,118.60837904612224
gr137,tournament,order,scramble,1,1,131.04042298350348,0.802888888888889,130.41067473093668
gr137,tournament,order,scramble,0,0,178.35836208418633,0.4531111111111111,75.76552549997966
gr137,tournament,order,scramble,1,0,137.6896244017198,0.8472222222222222,138.48741753896078
gr137,sus,pmx,swap,0,1,677.6974503600418,0.0783333333333333,12.01967446009318
gr137,sus,pmx,swap,0,0,682.0723519390721,0.0978888888888889,14.55750306447347
gr137,sus,pmx,swap,1,0,461.09353451772535,0.5798888888888889,82.06914258003235
gr137,sus,pmx,swap,1,1,453.1244184215424,0.617,88.11199156443278
gr137,sus,pmx,inversion,0,1,663.5849569810889,0.1288888888888889,20.15494132041931
gr137,sus,pmx,inversion,0,0,686.119899407804,0.168,25.92993760108948
gr137,sus,pmx,inversion,1,1,411.0618012111148,0.6806666666666666,101.55961521466573
gr137,sus,pmx,scramble,1,1,547.4954547406697,0.2372222222222222,35.62038000424703
gr137,sus,pmx,inversion,1,0,404.1940455909792,0.7130000000000001,105.8715495268504
gr137,sus,pmx,scramble,0,1,662.7990208008246,0.0938888888888889,14.449528694152832
gr137,sus,pmx,scramble,0,0,669.6810921983785,0.1357777777777777,20.21317783991496
gr137,sus,order,swap,0,1,691.5804141077215,0.1121111111111111,19.46905438105265
gr137,sus,order,swap,0,0,689.1491179095148,0.0825555555555555,14.36607313156128
gr137,sus,pmx,scramble,1,0,504.2928244551654,0.5612222222222223,83.07411901156108
gr137,sus,order,swap,1,0,427.4724540582843,0.4986666666666666,83.4123736222585
gr137,sus,order,swap,1,1,411.095681884338,0.5456666666666666,91.2657900651296
gr137,sus,order,inversion,0,1,708.2916982806752,0.0737777777777777,12.55653182665507
gr137,sus,order,inversion,0,0,697.9857701172463,0.0797777777777777,13.758795738220217
gr137,sus,order,inversion,1,1,406.35286482565766,0.5728888888888889,95.21214246749878
gr137,sus,order,scramble,0,1,681.6977557632935,0.0815555555555555,13.944865306218466
gr137,sus,order,inversion,1,0,390.55874479263593,0.7392222222222222,122.21837401390076
gr137,sus,order,scramble,0,0,663.253308137565,0.1237777777777777,21.407987038294475
gr137,sus,order,scramble,1,0,452.8886852867211,0.5508888888888889,91.29404052098592
gr137,sus,order,scramble,1,1,410.3775070505204,0.8745555555555556,145.40606021881104
gr137,rank,pmx,swap,1,1,118.95218053149708,1.0,139.33770656585693
gr137,rank,pmx,swap,1,0,109.53860249380844,1.0,139.34578466415405
gr137,rank,pmx,swap,0,1,126.0790517229038,1.0,143.29759112993875
gr137,rank,pmx,swap,0,0,133.19637906269836,1.0,143.80628204345703
gr137,rank,pmx,inversion,1,0,20.273526787205515,0.8974444444444445,124.28703339894612
gr137,rank,pmx,inversion,1,1,19.084362876326,0.9585555555555556,132.14133882522583
gr137,rank,pmx,inversion,0,1,20.14659356076332,0.8777777777777778,125.5320697625478
gr137,rank,pmx,inversion,0,0,17.125487332922948,0.9263333333333332,131.1198172569275
gr137,rank,pmx,scramble,1,0,284.91880568240924,0.7527777777777778,106.76318128903706
gr137,rank,pmx,scramble,1,1,308.3613683974441,0.9063333333333334,130.5264062086741
gr137,rank,pmx,scramble,0,1,294.7208184807143,0.955111111111111,141.7621656258901
gr137,rank,pmx,scramble,0,0,324.27621815336016,0.6725555555555555,100.5162095228831
gr137,rank,order,swap,1,1,89.8954471055884,1.0,160.29622348149618
gr137,rank,order,swap,1,0,91.79133322835098,1.0,158.31879846254984
gr137,rank,order,swap,0,1,86.16475551038133,0.9628888888888888,155.61454693476358
gr137,rank,order,swap,0,0,87.89219265218865,0.961,155.58730427424112
gr137,rank,order,inversion,1,1,17.21997146388368,0.9633333333333334,154.28572154045105
gr137,rank,order,inversion,1,0,13.342781746429404,0.9528888888888888,153.1420168876648
gr137,rank,order,inversion,0,1,21.250339999713685,0.9044444444444444,151.10700114568075
gr137,rank,order,inversion,0,0,15.685797317223312,0.9817777777777776,162.1628585656484
gr137,rank,order,scramble,1,1,157.59380413153335,0.9043333333333332,144.7959932486216
gr137,rank,order,scramble,1,0,159.3317395101141,0.9344444444444444,148.36786063512167
gr137,rank,order,scramble,0,1,145.52798973081568,1.0,161.33556175231934
gr137,rank,order,scramble,0,0,138.96325139936724,0.9745555555555556,156.94743140538534
kroA150,tournament,pmx,swap,1,1,152.49082591866485,1.0,105.21917430559796
kroA150,tournament,pmx,swap,1,0,150.22998039511387,1.0,106.60363658269246
kroA150,tournament,pmx,swap,0,1,142.54134620218167,1.0,111.00206057230632
kroA150,tournament,pmx,swap,0,0,132.44734328658322,1.0,110.7134342988332
kroA150,tournament,pmx,inversion,1,1,29.360830442869357,1.0,109.99602794647215
kroA150,tournament,pmx,inversion,1,0,26.64882119338461,1.0,111.03278414408366
kroA150,tournament,pmx,inversion,0,1,33.17247272910069,0.9361111111111112,108.847616036733
kroA150,tournament,pmx,inversion,0,0,29.15221434675514,1.0,114.68637013435364
kroA150,tournament,pmx,scramble,1,1,354.5719599859247,0.8795555555555555,98.1879235903422
kroA150,tournament,pmx,scramble,1,0,341.64404564419647,0.8392222222222223,91.81382902463277
kroA150,tournament,pmx,scramble,0,1,353.1103905896546,0.8933333333333334,97.4647258122762
kroA150,tournament,pmx,scramble,0,0,325.46498768411,0.7476666666666668,81.44461329778035
kroA150,tournament,order,swap,1,1,96.315286784296,1.0,132.07801071802774
kroA150,tournament,order,swap,1,0,95.14653395666816,1.0,131.9593493938446
kroA150,tournament,order,swap,0,0,107.89473684210527,0.8805555555555555,118.9053984483083
kroA150,tournament,order,swap,0,1,104.4010455939275,1.0,135.23805276552835
kroA150,tournament,order,inversion,1,1,19.11476398733223,0.9984444444444444,129.17386102676392
kroA150,tournament,order,inversion,1,0,22.04795656763686,1.0,128.4801390171051
kroA150,tournament,order,inversion,0,0,39.23490675111849,0.8535555555555555,114.35961278279622
kroA150,tournament,order,inversion,0,1,30.17141708138541,1.0,135.03376984596252
kroA150,tournament,order,scramble,1,0,214.02880410194544,0.5536666666666666,78.2654443581899
kroA150,tournament,order,scramble,1,1,181.0925953853114,0.7807777777777778,108.30732917785645
kroA150,sus,pmx,swap,1,1,510.0223696777761,0.5143333333333334,57.673200845718384
kroA150,sus,pmx,swap,0,1,735.978736238878,0.0986666666666666,11.499156872431437
kroA150,sus,pmx,swap,0,0,734.1401498014378,0.0747777777777777,8.939882198969523
kroA150,sus,pmx,swap,1,0,521.3881767455889,0.5858888888888889,65.66692733764648
kroA150,tournament,order,scramble,0,0,190.88247122103252,0.8172222222222222,115.23562566439313
kroA150,tournament,order,scramble,0,1,189.3128236062937,0.9462222222222222,134.3117939631144
kroA150,sus,pmx,inversion,0,1,738.6794349771276,0.1223333333333333,14.835344711939491
kroA150,sus,pmx,inversion,0,0,726.21776504298,0.0896666666666666,11.251593271891275
kroA150,sus,pmx,scramble,1,1,564.645855325994,0.4164444444444444,50.06423711776733
kroA150,sus,pmx,inversion,1,1,440.3395666817473,0.6066666666666666,72.71247990926106
kroA150,sus,pmx,scramble,1,0,562.4239682300307,0.4856666666666667,57.19903095563253
kroA150,sus,pmx,scramble,0,1,715.8598501985624,0.1234444444444444,14.593104124069214
kroA150,sus,pmx,scramble,0,0,722.5154576986879,0.1324444444444444,15.752162059148151
kroA150,sus,pmx,inversion,1,0,440.2252048459257,0.7286666666666667,86.2308619817098
kroA150,sus,order,swap,0,1,720.6793847081889,0.0781111111111111,11.386154254277548
kroA150,sus,order,swap,0,0,742.7587593625898,0.0946666666666666,13.568751573562622
kroA150,sus,order,swap,1,0,472.7580053285076,0.4937777777777777,68.6857602596283
kroA150,sus,order,inversion,0,1,742.3679183632433,0.1223333333333333,17.398285230000813
kroA150,sus,order,swap,1,1,445.35137988237074,0.7245555555555555,100.53424000740053
kroA150,sus,order,inversion,0,0,740.9528477353842,0.0886666666666666,12.116588195165
kroA150,sus,order,inversion,1,1,422.83717890715326,0.7121111111111111,98.28824075063068
kroA150,sus,order,scramble,0,1,729.6008646257477,0.0887777777777777,13.666722377141316
kroA150,sus,order,inversion,1,0,421.306489720002,0.7947777777777777,110.35069712003072
kroA150,sus,order,scramble,0,0,742.9409842658221,0.0867777777777777,12.8292285601298
kroA150,sus,order,scramble,1,0,462.1374352787413,0.6926666666666668,98.15366045633952
kroA150,sus,order,scramble,1,1,472.7705725632132,0.7732222222222221,110.3786644935608
kroA150,rank,pmx,swap,1,1,157.33046800382044,1.0,109.66510860125224
kroA150,rank,pmx,swap,1,0,154.8396420851556,1.0,108.9347988764445
kroA150,rank,pmx,swap,0,1,141.1551802141457,1.0,111.87538679440816
kroA150,rank,pmx,swap,0,0,130.29457598150103,1.0,111.33407322565716
kroA150,rank,pmx,inversion,1,1,25.3330317197004,0.9618888888888888,105.14304741223653
kroA150,rank,pmx,inversion,1,0,22.44131101392449,0.9772222222222222,106.32699569066364
kroA150,rank,pmx,inversion,0,1,24.73734479465138,0.9694444444444444,108.2025854587555
kroA150,rank,pmx,scramble,1,0,354.8823706831549,0.6648888888888889,72.51362387339275
kroA150,rank,pmx,inversion,0,0,26.031769969335944,0.9823333333333334,110.27324056625366
kroA150,rank,pmx,scramble,1,1,328.2436032775348,1.0,110.06032005945842
kroA150,rank,pmx,scramble,0,1,344.760719851204,0.8274444444444443,91.08281326293944
kroA150,rank,pmx,scramble,0,0,303.0965666314784,0.9985555555555556,108.42322206497192
kroA150,rank,order,swap,1,1,98.73699291207964,0.8934444444444445,115.4445772965749
kroA150,rank,order,swap,1,0,103.7902779872317,1.0,126.9943904876709
kroA150,rank,order,swap,0,1,106.6116221786558,0.955111111111111,123.01966293652852
kroA150,rank,order,swap,0,0,118.50022621022472,1.0,128.15527192751566
kroA150,rank,order,inversion,1,1,21.3379078067662,1.0,125.32513920466106
kroA150,rank,order,inversion,1,0,22.711506560096517,0.9985555555555556,124.74764839808148
kroA150,rank,order,inversion,0,1,24.25853315236516,1.0,129.24839758872986
kroA150,rank,order,scramble,1,1,206.9697883677676,0.8758888888888888,111.79383357365926
kroA150,rank,order,inversion,0,0,19.981903182023828,0.9811111111111112,127.6983932654063
kroA150,rank,order,scramble,1,0,215.5821143115669,0.8099999999999999,103.57939163843793
kroA150,rank,order,scramble,0,1,204.1974563916956,0.8004444444444445,105.75134197870892
kroA150,rank,order,scramble,0,0,180.6640526818479,0.8553333333333333,112.49584341049194
si175,tournament,pmx,swap,1,1,31.235888572273865,1.0,114.72229623794556
si175,tournament,pmx,swap,1,0,30.697123993709223,0.9876666666666668,112.85394668579102
si175,tournament,pmx,swap,0,1,31.7123682284611,1.0,117.85027170181274
si175,tournament,pmx,swap,0,0,33.403403871007924,0.9247777777777778,109.18472695350648
si175,tournament,pmx,inversion,1,1,6.712757509225955,1.0,116.27953926722208
si175,tournament,pmx,inversion,1,0,7.0008252752215006,1.0,116.71063089370728
si175,tournament,pmx,inversion,0,1,8.973700191526136,1.0,119.91175436973572
si175,tournament,pmx,inversion,0,0,8.76660282462123,1.0,120.0147933959961
si175,tournament,pmx,scramble,1,1,66.33967082418523,0.8617777777777778,100.96344137191772
si175,tournament,pmx,scramble,1,0,63.979072266081175,0.9141111111111112,107.06866089502972
si175,tournament,pmx,scramble,0,1,68.44178695442301,0.8091111111111111,96.32774130503336
si175,tournament,pmx,scramble,0,0,68.01513523613772,0.6882222222222222,81.53217760721843
si175,tournament,order,swap,1,1,20.63188053751888,1.0,147.2355617682139
si175,tournament,order,swap,1,0,23.08590647918905,0.911888888888889,134.79194521903992
si175,tournament,order,swap,0,1,23.69318447236885,0.843111111111111,127.0784077644348
si175,tournament,order,swap,0,0,22.50821382413852,0.9524444444444444,143.9231657187144
si175,tournament,order,inversion,1,1,6.019837747777207,1.0,146.57524037361145
si175,tournament,order,inversion,1,0,5.389202908705875,1.0,146.72007282574972
si175,tournament,order,inversion,0,1,8.799302408869373,1.0,150.7237241268158
si175,tournament,order,scramble,1,0,42.43783186185204,0.4487777777777778,66.17325870196025
si175,tournament,order,inversion,0,0,8.740131732610827,1.0,154.3487402598063
si175,tournament,order,scramble,1,1,41.99405178991296,0.6804444444444444,99.71757698059082
si175,tournament,order,scramble,0,0,43.79252892356083,0.573111111111111,87.20045447349548
si175,sus,pmx,swap,0,1,109.01418539107146,0.0977777777777777,12.964982430140177
si175,tournament,order,scramble,0,1,38.56059544385793,0.7688888888888888,116.63883113861084
si175,sus,pmx,swap,0,0,110.02008688746672,0.1061111111111111,14.179855426152548
si175,sus,pmx,swap,1,0,73.80919014029679,0.7892222222222222,96.96603107452393
si175,sus,pmx,inversion,0,1,110.1119571479734,0.099,13.035101016362509
si175,sus,pmx,swap,1,1,69.50374488095794,1.0,126.2799391746521
si175,sus,pmx,inversion,0,0,110.89207580075052,0.0996666666666666,13.382973035176596
si175,sus,pmx,scramble,1,0,87.32190405007708,0.5791111111111111,74.20744411150615
si175,sus,pmx,scramble,1,1,83.83550552000126,0.6788888888888889,87.42132059733073
si175,sus,pmx,inversion,1,1,60.50668784354028,0.944,121.98721361160278
si175,sus,pmx,scramble,0,0,109.87683156599866,0.1145555555555555,15.38283109664917
si175,sus,pmx,scramble,0,1,110.58999392722006,0.1314444444444444,17.374495188395183
si175,sus,pmx,inversion,1,0,59.37154513321188,1.0,128.67843389511108
si175,sus,order,swap,0,0,110.2443126080254,0.1036666666666666,17.0847426255544
si175,sus,order,swap,0,1,110.78463430964948,0.1497777777777778,24.530135075251263
si175,sus,order,swap,1,1,64.66887778141107,0.8593333333333333,135.66296005249023
si175,sus,order,inversion,0,1,111.35609847246228,0.1118888888888888,18.440221945444744
si175,sus,order,swap,1,0,65.08307251522088,0.9034444444444444,142.12367502848306
si175,sus,order,inversion,0,0,110.83601937061088,0.0854444444444444,13.963778018951416
si175,sus,order,inversion,1,1,56.43169679699787,1.0,158.1241930325826
si175,sus,order,inversion,1,0,55.16264150355803,1.0,157.4543940226237
si175,sus,order,scramble,0,0,111.3794553183538,0.1147777777777778,18.616183916727703
si175,sus,order,scramble,0,1,110.4124818984444,0.1393333333333333,22.874706586201984
si175,sus,order,scramble,1,0,81.53719188427462,0.5895555555555556,93.93040800094604
si175,sus,order,scramble,1,1,77.0137493966148,0.7136666666666667,113.24164772033691
si175,rank,pmx,swap,1,1,31.461671415892,1.0,114.08117270469666
si175,rank,pmx,swap,1,0,32.17794802323227,1.0,114.59441304206848
si175,rank,pmx,swap,0,1,33.51551673128728,1.0,117.9107301235199
si175,rank,pmx,swap,0,0,30.62082496379689,1.0,117.76855993270874
si175,rank,pmx,inversion,1,1,8.494106289220037,1.0,115.16592542330424
si175,rank,pmx,inversion,1,0,6.628672864016443,1.0,114.469246784846
si175,rank,pmx,inversion,0,1,6.2689774372868685,1.0,118.70311601956683
si175,rank,pmx,inversion,0,0,6.240949222217032,1.0,118.03119572003682
si175,rank,pmx,scramble,1,1,68.54611419940518,0.5677777777777778,65.6968599955241
si175,rank,pmx,scramble,1,0,66.9594058018405,0.7385555555555556,85.81755956013997
si175,rank,pmx,scramble,0,1,68.33278834026254,0.7423333333333334,88.53154603640239
si175,rank,pmx,scramble,0,0,66.59036763675434,0.793888888888889,94.19927255312602
si175,rank,order,swap,1,1,25.37332025349963,1.0,147.1064989566803
si175,rank,order,swap,1,0,29.219414210305043,0.9127777777777778,135.24931605656943
si175,rank,order,swap,0,1,23.680727487893368,0.9613333333333332,145.5288738409678
si175,rank,order,swap,0,0,25.1210663178711,1.0,150.72699292500815
si175,rank,order,inversion,1,1,6.261191821989692,1.0,145.9947099685669
si175,rank,order,inversion,1,0,6.159978823126392,1.0,146.7032517592112
si175,rank,order,inversion,0,1,5.636785475156102,1.0,150.91644342740378
si175,rank,order,inversion,0,0,5.980909671291322,1.0,150.26716605822244
si175,rank,order,scramble,1,0,43.33473474408682,0.8421111111111111,124.4749207496643
si175,rank,order,scramble,1,1,40.22827424051323,0.9094444444444444,134.71792014439902
si175,rank,order,scramble,0,0,42.93455411781193,0.7576666666666666,114.75340660413106
si175,rank,order,scramble,0,1,38.21802837078215,0.9911111111111112,150.70921659469604
gr202,tournament,pmx,swap,1,1,110.71215139442232,1.0,197.4168198108673
gr202,tournament,pmx,swap,1,0,113.60723771580346,1.0,196.8484230041504
gr202,tournament,pmx,swap,0,1,114.97675962815406,1.0,202.67961502075195
gr202,tournament,pmx,swap,0,0,114.6538844621514,1.0,201.5604465007782
gr202,tournament,pmx,inversion,1,1,33.42463479415671,1.0,197.3581595420837
gr202,tournament,pmx,inversion,1,0,31.12549800796812,1.0,198.2059225241343
gr202,tournament,pmx,inversion,0,1,39.43725099601594,1.0,203.34466934204104
gr202,tournament,pmx,inversion,0,0,40.07636122177954,1.0,202.05667567253116
gr202,tournament,pmx,scramble,1,0,276.07403718459494,0.9788888888888888,193.0167506535848
gr202,tournament,pmx,scramble,1,1,287.0177622841965,1.0,197.99464146296185
gr202,tournament,pmx,scramble,0,0,285.4399070385126,0.9034444444444444,182.4015403588613
gr202,tournament,pmx,scramble,0,1,263.2362217795485,1.0,202.39398248990375
gr202,tournament,order,swap,1,1,81.83183930942896,1.0,237.8816637992859
gr202,tournament,order,swap,1,0,75.46397742363878,1.0,238.21987342834475
gr202,tournament,order,swap,0,1,77.96397742363878,0.9987777777777778,243.94950834910077
gr202,tournament,order,swap,0,0,81.88081009296148,1.0,244.81965629259744
gr202,tournament,order,inversion,1,1,32.797144754316065,1.0,238.01848896344504
gr202,tournament,order,inversion,1,0,28.925962815405043,1.0,238.53234497706092
gr202,tournament,order,inversion,0,1,37.57470119521912,1.0,246.03340101242063
gr202,tournament,order,scramble,1,0,152.17380478087648,0.4263333333333333,105.08364446957906
gr202,tournament,order,inversion,0,0,38.1117197875166,1.0,247.379417181015
gr202,tournament,order,scramble,1,1,155.76195219123505,0.7494444444444444,180.68849031130472
gr202,tournament,order,scramble,0,1,153.95169322709162,0.586,144.85096335411072
gr202,tournament,order,scramble,0,0,152.42778884462152,0.5920000000000001,145.6231807867686
gr202,sus,pmx,swap,0,1,499.1973771580345,0.1044444444444444,22.65380334854126
gr202,sus,pmx,swap,0,0,499.52274236387785,0.1003333333333333,21.81679368019104
gr202,sus,pmx,swap,1,1,322.16218459495354,0.9634444444444444,200.53420384724936
gr202,sus,pmx,inversion,0,1,495.8607237715804,0.1017777777777777,23.14417576789856
gr202,sus,pmx,swap,1,0,336.0939575033201,0.8705555555555556,179.52998129526773
gr202,sus,pmx,inversion,0,0,496.46414342629487,0.1064444444444444,24.31123089790344
gr202,sus,pmx,inversion,1,1,308.5225763612217,0.843111111111111,186.1107766628265
gr202,sus,pmx,scramble,1,0,398.1407702523241,0.4986666666666666,110.62505960464478
gr202,sus,pmx,scramble,1,1,396.10225763612215,0.5242222222222223,116.31553792953493
gr202,sus,pmx,inversion,1,0,307.6120517928287,0.916,201.88012019793192
gr202,sus,pmx,scramble,0,0,497.06175298804783,0.1208888888888888,26.6907217502594
gr202,sus,pmx,scramble,0,1,495.9603253652058,0.1761111111111111,38.84367163976034
gr202,sus,order,swap,0,1,510.1261620185923,0.0797777777777777,20.747962872187298
gr202,sus,order,swap,0,0,501.9804116865871,0.088,22.800265947977703
gr202,sus,order,swap,1,0,310.6465803452855,0.8528888888888888,211.42287651697796
gr202,sus,order,swap,1,1,307.5439907038513,0.907888888888889,224.78946630160013
gr202,sus,order,inversion,0,1,501.90239043824704,0.1006666666666666,25.62867283821106
gr202,sus,order,inversion,0,0,506.05494687915007,0.1042222222222222,26.47676070531209
gr202,sus,order,inversion,1,0,281.3587317397078,0.8754444444444444,217.5992394288381
gr202,sus,order,inversion,1,1,288.4985059760956,0.9872222222222224,244.6154681046804
gr202,sus,order,scramble,0,1,497.0268924302789,0.1186666666666666,30.389249165852863
gr202,sus,order,scramble,0,0,497.8427954847277,0.116,29.70623755455017
gr202,sus,order,scramble,1,0,352.51411022576366,0.6332222222222222,156.48285524050394
gr202,sus,order,scramble,1,1,353.0776892430279,0.8213333333333334,203.87966187795004
gr202,rank,pmx,swap,1,1,113.16899070385124,1.0,194.9843487739563
gr202,rank,pmx,swap,1,0,121.27158034528551,1.0,194.93803588549292
gr202,rank,pmx,swap,0,1,109.06955511288182,1.0,202.33699695269263
gr202,rank,pmx,swap,0,0,106.56955511288182,1.0,203.1535924275716
gr202,rank,pmx,inversion,1,1,32.16550464807437,1.0,199.0698685646057
gr202,rank,pmx,inversion,1,0,34.95932934926959,1.0,198.62917002042136
gr202,rank,pmx,inversion,0,1,30.039010624169983,1.0,203.94304013252255
gr202,rank,pmx,scramble,1,1,279.5833333333333,0.7553333333333333,151.1351675192515
gr202,rank,pmx,inversion,0,0,30.898074369189903,1.0,203.4847948551178
gr202,rank,pmx,scramble,1,0,264.6339641434263,0.9966666666666668,199.7085378964742
gr202,rank,pmx,scramble,0,1,266.460823373174,0.7655555555555554,157.23434615135193
gr202,rank,pmx,scramble,0,0,277.65023240371846,0.8647777777777778,176.67282740275064
gr202,rank,order,swap,1,1,90.86736387782206,1.0,239.07751655578613
gr202,rank,order,swap,1,0,90.47476759628154,1.0,239.1307564576467
gr202,rank,order,swap,0,1,83.62964807436919,1.0,242.89876262346905
gr202,rank,order,swap,0,0,91.74053784860558,1.0,242.76872404416403
gr202,rank,order,inversion,1,1,31.945551128818057,1.0,234.38290762901303
gr202,rank,order,inversion,1,0,31.76128818061089,1.0,233.10629789034525
gr202,rank,order,inversion,0,1,28.63545816733068,1.0,239.06263073285425
gr202,rank,order,inversion,0,0,28.679448871181943,1.0,237.9969163735708
gr202,rank,order,scramble,1,1,180.812583001328,0.8698888888888888,203.64679606755573
gr202,rank,order,scramble,1,0,171.94887118193893,1.0,235.11959147453308
gr202,rank,order,scramble,0,1,151.5969455511288,0.8766666666666666,211.4979872703552
kroA200,tournament,pmx,swap,1,1,195.36002905656952,1.0,137.55440998077393
gr202,rank,order,scramble,0,0,169.175796812749,0.8901111111111111,215.7408360640208
kroA200,tournament,pmx,swap,1,0,206.86347952419865,1.0,138.27723940213522
kroA200,tournament,pmx,swap,0,0,216.86643058203944,1.0,141.80745339393616
kroA200,tournament,pmx,swap,0,1,214.27517479342592,1.0,142.8037119706472
kroA200,tournament,pmx,inversion,1,1,47.25211114137837,1.0,140.1600247224172
kroA200,tournament,pmx,inversion,1,0,48.94896939980024,1.0,139.4588938554128
kroA200,tournament,pmx,inversion,0,1,64.68491782438936,0.9725555555555556,137.6825361251831
kroA200,tournament,pmx,inversion,0,0,53.17692726777445,1.0,142.02604381243387
kroA200,tournament,pmx,scramble,1,1,461.7270498501771,0.914,126.1739641825358
kroA200,tournament,pmx,scramble,1,0,479.9940978843185,0.9298888888888888,128.28883481025696
kroA200,tournament,pmx,scramble,0,1,434.2765368201216,0.9685555555555556,137.76067900657654
kroA200,tournament,pmx,scramble,0,0,429.1836920003632,1.0,141.3779821395874
kroA200,tournament,order,swap,1,1,116.67801688913104,1.0,179.48711601893106
kroA200,tournament,order,swap,1,0,129.36983564877872,1.0,180.075701713562
kroA200,tournament,order,swap,0,1,128.47884318532644,0.9406666666666668,174.40525142351785
kroA200,tournament,order,swap,0,0,132.34132388994823,1.0,184.84323271115625
kroA200,tournament,order,inversion,1,1,45.38953963497684,1.0,181.32040739059448
kroA200,tournament,order,inversion,1,0,46.541587215109416,1.0,180.60067264238992
kroA200,tournament,order,inversion,0,1,51.553845455370926,1.0,184.6220053831736
kroA200,tournament,order,inversion,0,0,52.08617088894943,1.0,184.4905822277069
kroA200,tournament,order,scramble,1,1,263.7246890039044,0.8312222222222223,149.31194599469504
kroA200,tournament,order,scramble,0,1,243.75624262235544,0.5642222222222222,104.59714388847352
kroA200,tournament,order,scramble,1,0,234.3889040225189,0.939111111111111,169.19898549715677
kroA200,sus,pmx,swap,0,1,905.5423136293472,0.0806666666666666,12.196689128875732
kroA200,sus,pmx,swap,0,0,918.9423862707708,0.0727777777777777,11.162163734436035
kroA200,tournament,order,scramble,0,0,274.6243076364297,0.637,118.23976023991902
kroA200,sus,pmx,swap,1,1,625.0703713792791,0.9137777777777778,130.40614334742227
kroA200,sus,pmx,inversion,0,1,913.2672750385906,0.1252222222222222,19.92963107426961
kroA200,sus,pmx,swap,1,0,637.2968310178879,0.726111111111111,103.78596289952596
kroA200,sus,pmx,inversion,0,0,909.324207754472,0.0976666666666666,15.356199502944946
kroA200,sus,pmx,inversion,1,0,574.5618814128757,0.7225555555555556,111.57582545280457
kroA200,sus,pmx,inversion,1,1,554.8295196585852,0.8264444444444444,127.07465815544128
kroA200,sus,pmx,scramble,1,0,747.9558249341686,0.3468888888888888,53.122934103012085
kroA200,sus,pmx,scramble,0,1,910.6385635158448,0.1332222222222222,21.349884112675984
kroA200,sus,pmx,scramble,0,0,900.5992917461182,0.1022222222222222,16.303066968917847
kroA200,sus,pmx,scramble,1,1,746.4939162807591,0.4794444444444445,74.38423609733582
kroA200,sus,order,swap,0,1,918.672250976119,0.0827777777777777,16.09269905090332
kroA200,sus,order,swap,0,0,936.4784799782076,0.0776666666666666,15.180890798568726
kroA200,sus,order,swap,1,0,575.8104058839554,0.6872222222222222,130.17236948013306
kroA200,sus,order,swap,1,1,587.4046581312992,0.7247777777777777,137.32664481798807
kroA200,sus,order,inversion,0,0,925.2122491600836,0.0924444444444444,18.24514627456665
kroA200,sus,order,inversion,0,1,917.523608462726,0.1111111111111111,21.774916807810467
kroA200,sus,order,inversion,1,0,553.966902751294,0.6702222222222222,127.98724643389384
kroA200,sus,order,inversion,1,1,529.763688368292,0.7624444444444444,145.44459056854248
kroA200,sus,order,scramble,0,1,909.6204485607916,0.0817777777777777,16.082798798878986
kroA200,sus,order,scramble,0,0,917.726777444838,0.0798888888888888,15.71415607134501
kroA200,sus,order,scramble,1,0,654.6967220557523,0.5647777777777778,107.80699292818706
kroA200,sus,order,scramble,1,1,639.7870698265687,0.6435555555555555,123.11811288197836
kroA200,rank,pmx,swap,1,1,210.8553527649142,1.0,137.9846039613088
kroA200,rank,pmx,swap,1,0,192.1138654317625,1.0,137.46262772878012
kroA200,rank,pmx,swap,0,1,202.670707345864,1.0,141.63344550132751
kroA200,rank,pmx,swap,0,0,195.9967765368201,1.0,140.78816556930542
kroA200,rank,pmx,inversion,1,1,44.82997366748388,1.0,138.94037183125815
kroA200,rank,pmx,inversion,1,0,42.90838100426768,1.0,138.83776315053305
kroA200,rank,pmx,inversion,0,1,42.56900935258332,1.0,141.88024695714316
kroA200,rank,pmx,inversion,0,0,45.608598928539,1.0,141.63137094179788
kroA200,rank,pmx,scramble,1,0,473.01371106873694,0.8167777777777778,112.88415598869324
kroA200,rank,pmx,scramble,1,1,442.4555071279397,1.0,139.23304414749146
kroA200,rank,pmx,scramble,0,1,439.0674657223282,1.0,142.1501096089681
kroA200,rank,pmx,scramble,0,0,437.8405066739308,1.0,141.35760537783304
kroA200,rank,order,swap,1,1,157.75787705439026,1.0,179.1067884763082
kroA200,rank,order,swap,1,0,141.1706619449741,1.0,179.25602849324545
kroA200,rank,order,swap,0,1,159.2685916643966,1.0,183.54388197263083
kroA200,rank,order,swap,0,0,161.81444656315264,1.0,182.18527563412985
kroA200,rank,order,inversion,1,1,43.16149096522292,1.0,178.33824308713278
kroA200,rank,order,inversion,1,0,41.55202941977662,1.0,179.27399055163065
kroA200,rank,order,inversion,0,1,37.47616453282484,1.0,183.78086773554483
kroA200,rank,order,inversion,0,0,41.46009261781531,1.0,182.4045043786367
kroA200,rank,order,scramble,1,1,253.79778443657491,1.0,178.26683855056763
kroA200,rank,order,scramble,1,0,250.12258240261508,1.0,178.7596881389618
kroA200,rank,order,scramble,0,1,247.12498864977752,0.9476666666666668,173.3575009504954
kroA200,rank,order,scramble,0,0,241.58835013166257,0.9576666666666668,175.07478547096252
ts225,tournament,pmx,swap,1,1,255.09871581269127,1.0,153.37925720214844
ts225,tournament,pmx,swap,1,0,269.94201548184,1.0,153.4800764719645
ts225,tournament,pmx,swap,0,1,272.6480473983297,1.0,161.5974416732788
ts225,tournament,pmx,swap,0,0,258.1053302064333,1.0,160.67213114102682
ts225,tournament,pmx,inversion,1,1,79.67778190135525,1.0,160.09026265144348
ts225,tournament,pmx,inversion,1,0,77.59344509105648,1.0,159.79309050242105
ts225,tournament,pmx,scramble,1,1,622.5476339000181,0.6722222222222222,108.35632809003194
ts225,tournament,pmx,scramble,1,0,614.7390696682801,0.6872222222222222,111.05359522501628
ts225,tournament,pmx,inversion,0,1,86.8067454708643,1.0,166.67695156733194
ts225,tournament,pmx,inversion,0,0,94.35157621555608,1.0,165.379763285319
ts225,tournament,pmx,scramble,0,0,654.1419581026981,0.7464444444444446,121.5384345849355
ts225,tournament,pmx,scramble,0,1,586.9315056234192,0.9673333333333334,159.8812890847524
ts225,tournament,order,swap,1,1,177.69530622826895,1.0,215.78777662913004
ts225,tournament,order,swap,1,0,175.92365942057597,1.0,214.0799465974172
ts225,tournament,order,swap,0,1,193.89675439358405,1.0,218.6021242141724
ts225,tournament,order,swap,0,0,184.0901852714586,1.0,218.19659932454428
ts225,tournament,order,inversion,1,1,76.4037491215464,1.0,210.27997080485025
ts225,tournament,order,inversion,1,0,74.11226834487496,1.0,209.1146585146586
ts225,tournament,order,inversion,0,1,98.35127089535148,1.0,214.27963574727377
ts225,tournament,order,inversion,0,0,97.4416272514075,1.0,214.4129394690196
ts225,tournament,order,scramble,1,1,357.2817552753277,0.722111111111111,151.5398825009664
ts225,tournament,order,scramble,1,0,310.9386227426704,0.7712222222222223,160.16161266962686
ts225,sus,pmx,swap,1,1,736.2096602259895,0.6755555555555556,111.85775836308795
ts225,sus,pmx,swap,0,1,1025.4150117521958,0.0913333333333333,16.172397057215374
ts225,tournament,order,scramble,0,1,293.3369129495248,0.7526666666666667,161.5693179766337
ts225,sus,pmx,swap,0,0,1034.1329564208047,0.0873333333333333,15.154548406600952
ts225,sus,pmx,swap,1,0,721.1618486611973,0.8755555555555555,140.74993681907654
ts225,tournament,order,scramble,0,0,319.6381429161765,0.7801111111111111,166.63461836179098
ts225,sus,pmx,inversion,0,1,1026.7426282279057,0.0827777777777777,15.13505792617798
ts225,sus,pmx,inversion,0,0,1016.8752582719404,0.1061111111111111,19.354209343592327
ts225,sus,pmx,scramble,1,1,849.7674565510924,0.3888888888888889,67.9162384668986
ts225,sus,pmx,scramble,0,1,1029.9869186084768,0.092,16.778695503870647
ts225,sus,pmx,scramble,1,0,840.841578294892,0.4373333333333333,76.79536549250285
ts225,sus,pmx,scramble,0,0,1001.8119174898468,0.1151111111111111,20.772873163223267
ts225,sus,pmx,inversion,1,1,642.1231335328442,1.0,175.779278755188
ts225,sus,pmx,inversion,1,0,633.9168634139537,0.9854444444444443,173.07954096794128
ts225,sus,order,swap,0,1,1037.1966867493663,0.1184444444444444,27.161853313446045
ts225,sus,order,swap,0,0,1046.092822606329,0.0999999999999999,23.042169173558552
ts225,sus,order,swap,1,0,668.8620768617294,0.7463333333333333,164.87975907325745
ts225,sus,order,swap,1,1,636.5262983346888,0.8881111111111112,196.97033603986105
ts225,sus,order,inversion,0,1,1027.0021504017857,0.1148888888888888,26.16367204984029
ts225,sus,order,inversion,0,0,1041.206120090859,0.0811111111111111,18.500125487645462
ts225,sus,order,inversion,1,1,618.5081949522148,0.8119999999999999,180.07437245051065
ts225,sus,order,inversion,1,0,624.8501693737513,0.8034444444444443,178.6116422812144
ts225,sus,order,scramble,0,1,1030.96999702576,0.1002222222222222,22.877737760543823
ts225,sus,order,scramble,0,0,1020.7165022938495,0.1483333333333333,34.01710160573324
ts225,sus,order,scramble,1,0,768.4140984236528,0.5892222222222222,131.03947655359903
ts225,sus,order,scramble,1,1,760.6705463389212,0.6533333333333333,145.53878076871237
ts225,rank,pmx,swap,1,1,264.6891919279655,1.0,154.7139030297597
ts225,rank,pmx,swap,1,0,251.27773873539527,1.0,154.9369060198466
ts225,rank,pmx,swap,0,1,272.3569403757017,1.0,158.4713475704193
ts225,rank,pmx,swap,0,0,256.3381579189796,1.0,158.29184365272522
ts225,rank,pmx,inversion,1,1,69.76935164201733,1.0,155.866237004598
ts225,rank,pmx,inversion,1,0,73.49136285990276,1.0,155.59589004516602
ts225,rank,pmx,inversion,0,1,63.65084002537317,1.0,159.52721945444742
ts225,rank,pmx,inversion,0,0,68.39330506489371,1.0,159.36376810073853
ts225,rank,pmx,scramble,1,1,572.5882993927813,0.959,149.45986596743265
ts225,rank,pmx,scramble,1,0,570.2110131103443,1.0,156.17037892341614
ts225,rank,pmx,scramble,0,0,583.7967093851745,0.8508888888888889,135.70624128977457
ts225,rank,pmx,scramble,0,1,573.3013273532687,1.0,160.1469385623932
ts225,rank,order,swap,1,1,210.15321283713536,1.0,204.23503232002255
ts225,rank,order,swap,1,0,211.0581187537672,1.0,204.83426094055176
ts225,rank,order,swap,0,1,193.93491941915465,1.0,210.02318541208905
ts225,rank,order,swap,0,0,214.305830826286,1.0,209.79518508911133
ts225,rank,order,inversion,1,1,69.05948216640478,1.0,203.6805329322815
ts225,rank,order,inversion,1,0,71.04959084460518,1.0,203.79556210835776
ts225,rank,order,inversion,0,1,63.45843565508292,1.0,209.59313027064005
ts225,rank,order,inversion,0,0,67.39364460201774,1.0,209.51504063606265
ts225,rank,order,scramble,1,1,383.0173532423164,0.9215555555555556,189.21256923675537
ts225,rank,order,scramble,1,0,389.0858555151094,0.9762222222222222,202.00514483451843
ts225,rank,order,scramble,0,0,342.975398034896,0.9226666666666666,196.18373902638757
ts225,rank,order,scramble,0,1,321.8893530106941,1.0,211.66575368245444
pr226,tournament,pmx,swap,1,1,443.9613947334586,1.0,156.2342220147451
pr226,tournament,pmx,swap,1,0,468.71430526695616,1.0,155.56321954727173
pr226,tournament,pmx,swap,0,0,447.7049608679964,1.0,159.13633584976196
pr226,tournament,pmx,swap,0,1,443.77434085281647,1.0,160.9440716902415
pr226,tournament,pmx,inversion,1,1,77.10062337468428,1.0,157.62492521603903
pr226,tournament,pmx,inversion,1,0,97.92001061769255,1.0,156.34848809242249
pr226,tournament,pmx,inversion,0,1,101.91076990713668,1.0,160.76280784606934
pr226,tournament,pmx,inversion,0,0,103.7502021923876,1.0,161.11906003952026
pr226,tournament,pmx,scramble,1,1,967.474606709884,0.86,134.7906223932902
pr226,tournament,pmx,scramble,1,0,993.6924270137324,0.9757777777777776,152.93430121739706
pr226,tournament,pmx,scramble,0,0,936.5132493042508,0.8544444444444445,136.39754541714987
pr226,tournament,pmx,scramble,0,1,967.661660590526,0.8647777777777778,138.93101048469543
pr226,tournament,order,swap,1,1,246.84185859390232,1.0,207.0313076972961
pr226,tournament,order,swap,1,0,235.4340603964215,1.0,206.22540752093
pr226,tournament,order,swap,0,1,286.5507845064639,0.9817777777777776,209.49082493782043
pr226,tournament,order,swap,0,0,233.12388275744797,1.0,212.16110817591348
pr226,tournament,order,inversion,1,1,68.54010874839803,1.0,205.92361172040304
pr226,tournament,order,inversion,1,0,64.52446424201703,1.0,205.9125859737396
pr226,tournament,order,inversion,0,1,87.76103555682745,1.0,212.10532649358117
pr226,tournament,order,inversion,0,0,81.17806616979183,1.0,211.85650849342343
pr226,tournament,order,scramble,1,1,427.4210205427466,0.888,183.7460720539093
pr226,tournament,order,scramble,1,0,430.05263223382144,0.6595555555555556,137.06727242469788
pr226,tournament,order,scramble,0,1,477.0259677238737,0.6724444444444444,143.5488178730011
pr226,sus,pmx,swap,0,1,1789.9127773146363,0.0987777777777777,17.42035190264384
pr226,sus,pmx,swap,0,0,1774.0542580679946,0.0963333333333333,16.76774565378825
pr226,tournament,order,scramble,0,0,478.1329451239491,0.8965555555555556,190.27468339602152
pr226,sus,pmx,swap,1,0,1233.9882292923887,0.7978888888888888,129.71642565727234
pr226,sus,pmx,swap,1,1,1212.9071325179275,0.9074444444444444,147.7925662199656
pr226,sus,pmx,inversion,0,1,1769.9195792739322,0.1181111111111111,21.775285482406616
pr226,sus,pmx,inversion,0,0,1770.5271933208078,0.1008888888888888,18.475457111994427
pr226,sus,pmx,scramble,1,1,1418.184042769393,0.3752222222222223,66.4513836701711
pr226,sus,pmx,scramble,0,1,1752.7475353266393,0.1452222222222222,26.29154618581136
pr226,sus,pmx,scramble,1,0,1460.5702032707468,0.4664444444444444,82.45271062850952
pr226,sus,pmx,inversion,1,1,1107.369342242241,0.8193333333333334,145.27472988764444
pr226,sus,pmx,scramble,0,0,1765.8193250299662,0.078,14.264689922332764
pr226,sus,pmx,inversion,1,0,1091.4407296345605,0.7824444444444444,138.14290603001913
pr226,sus,order,swap,0,1,1783.1265786559495,0.0824444444444444,19.05353569984436
pr226,sus,order,swap,0,0,1796.2464797786877,0.102,23.48011390368144
pr226,sus,order,swap,1,0,1130.13599771056,0.7215555555555556,160.252965370814
pr226,sus,order,inversion,0,1,1779.3075273633697,0.1017777777777777,23.576493581136067
pr226,sus,order,inversion,1,1,1076.5979419925593,0.7883333333333334,176.60047634442648
pr226,sus,order,inversion,1,0,1086.8460890807814,0.7446666666666667,166.5413560072581
pr226,sus,order,swap,1,1,1080.450173574388,0.9447777777777778,210.19792954126996
pr226,sus,order,inversion,0,0,1786.5122124202117,0.0791111111111111,18.1309293905894
pr226,sus,order,scramble,0,0,1765.2726797645855,0.09,20.810659726460774
pr226,sus,order,scramble,0,1,1758.4130697159355,0.1473333333333333,33.97336435317993
pr226,sus,order,scramble,1,1,1315.634137540594,0.6431111111111111,145.21518047650656
pr226,sus,order,scramble,1,0,1235.024283824194,0.7781111111111111,175.28636384010315
pr226,rank,pmx,swap,1,1,472.77806119274845,1.0,155.69435652097067
pr226,rank,pmx,swap,1,0,403.28899617182407,1.0,154.93294715881348
pr226,rank,pmx,swap,0,1,448.3071831178688,1.0,159.96897331873575
pr226,rank,pmx,swap,0,0,446.88416346269497,1.0,159.23891401290894
pr226,rank,pmx,inversion,1,1,84.695176830204,1.0,155.99283154805502
pr226,rank,pmx,inversion,1,0,73.33714906659698,1.0,155.94307899475098
pr226,rank,pmx,inversion,0,1,87.16047232141746,1.0,161.0448526541392
pr226,rank,pmx,scramble,1,1,934.051271841962,1.0,156.67677013079324
pr226,rank,pmx,inversion,0,0,82.69274637401651,1.0,160.27299880981445
pr226,rank,pmx,scramble,1,0,916.8389967939546,1.0,156.64091698328653
pr226,rank,pmx,scramble,0,1,932.9239715147216,0.8921111111111112,143.70454970995584
pr226,rank,pmx,scramble,0,0,883.2174096977691,1.0,160.03629652659097
pr226,rank,order,swap,1,1,370.4877917273244,1.0,205.96049284935
pr226,rank,order,swap,1,0,373.23802295246514,1.0,205.13296914100647
pr226,rank,order,swap,0,1,344.24881898907955,1.0,211.70642256736755
pr226,rank,order,swap,0,0,341.60891222569234,1.0,210.26599168777463
pr226,rank,order,inversion,1,1,66.25647534082378,1.0,204.48349483807883
pr226,rank,order,inversion,1,0,64.48174461960872,1.0,203.99853372573853
pr226,rank,order,inversion,0,1,62.57014520524083,1.0,214.75063602129617
pr226,rank,order,inversion,0,0,67.43603462363184,1.0,213.56713342666623
pr226,rank,order,scramble,1,1,556.8631354543833,1.0,211.43657286961877
pr226,rank,order,scramble,1,0,560.6349048347829,1.0,210.2340389887492
pr226,rank,order,scramble,0,1,465.5231909484171,0.9982222222222222,211.6897919178009
pr226,rank,order,scramble,0,0,437.7297216588486,1.0,211.06708431243896
a280,tournament,pmx,swap,1,1,273.96923872301926,1.0,195.03397154808044
a280,tournament,pmx,swap,1,0,298.0612640558356,1.0,195.51831618944803
a280,tournament,pmx,swap,0,1,292.98177588212485,1.0,201.7638924916585
a280,tournament,pmx,swap,0,0,280.85821377795014,1.0,201.1240587234497
a280,tournament,pmx,inversion,1,1,91.45663693938218,1.0,198.22497193018597
a280,tournament,pmx,inversion,1,0,90.21584593511696,1.0,197.6892522176107
a280,tournament,pmx,inversion,0,1,103.61897376244023,1.0,203.93147810300192
a280,tournament,pmx,scramble,1,0,624.4280728964715,0.7512222222222222,147.9488267103831
a280,tournament,pmx,inversion,0,0,103.73529791909009,1.0,202.4050665696462
a280,tournament,pmx,scramble,1,1,617.2676748093577,0.9432222222222224,186.63596177101132
a280,tournament,pmx,scramble,0,0,601.4088147860929,0.8997777777777779,181.1013875802358
a280,tournament,pmx,scramble,0,1,603.5155745120848,1.0,201.7036988735199
a280,tournament,order,swap,1,1,174.65425875662402,1.0,275.80704673131305
a280,tournament,order,swap,1,0,198.8109086209125,1.0,274.50512433052063
a280,tournament,order,swap,0,1,194.64908879410623,1.0,281.76214122772217
a280,tournament,order,swap,0,0,197.1952953341089,0.9983333333333334,282.86466161410016
a280,tournament,order,inversion,1,1,85.47240532506139,1.0,276.020603577296
a280,tournament,order,inversion,1,0,86.11865063978286,1.0,274.76496211687726
a280,tournament,order,scramble,1,0,324.18249967687734,0.5381111111111111,148.9679164091746
a280,tournament,order,inversion,0,1,116.6343544009306,1.0,282.69275482495624
a280,tournament,order,inversion,0,0,105.4543104562492,1.0,282.99810067812604
a280,tournament,order,scramble,1,1,329.4170867261212,0.9472222222222224,260.96499427159625
a280,sus,pmx,swap,1,1,760.475636551635,0.7232222222222222,151.29729453722635
a280,sus,pmx,swap,0,1,1076.3861962000774,0.1088888888888888,24.916517814000446
a280,tournament,order,scramble,0,0,305.1699625177717,0.7068888888888889,200.39676642417908
a280,sus,pmx,swap,0,0,1096.7170738012148,0.0875555555555555,19.71735628445943
a280,tournament,order,scramble,0,1,319.2839601912886,0.8119999999999999,230.87821912765503
a280,sus,pmx,inversion,0,1,1080.586790745767,0.1538888888888888,36.34417859713236
a280,sus,pmx,swap,1,0,758.756624014476,0.8823333333333333,179.4074829419454
a280,sus,pmx,inversion,0,0,1089.58252552669,0.0867777777777777,20.48598535855611
a280,sus,pmx,scramble,1,1,881.3235104045494,0.3325555555555555,75.5771115620931
a280,sus,pmx,scramble,1,0,899.4054543104562,0.3882222222222222,88.4016592502594
a280,sus,pmx,scramble,0,1,1077.4460385162208,0.1082222222222222,25.634287754694626
a280,sus,pmx,inversion,1,1,695.7089311102494,0.8027777777777777,182.1151610215505
a280,sus,pmx,scramble,0,0,1074.4216104433242,0.1393333333333333,32.75773278872172
a280,sus,order,swap,0,1,1102.9598035414244,0.0701111111111111,21.50653417905172
a280,sus,pmx,inversion,1,0,673.4263926586532,1.0,226.147293249766
a280,sus,order,swap,0,0,1100.0129249062943,0.093,28.332653760910038
a280,sus,order,swap,1,0,719.4002843479385,0.7846666666666667,233.73081612586972
a280,sus,order,swap,1,1,693.6926457283184,0.8288888888888889,246.87542446454367
a280,sus,order,inversion,1,1,693.0981000387746,0.6947777777777778,206.01157840092975
a280,sus,order,inversion,0,1,1075.6882512601785,0.1027777777777777,31.492737531661987
a280,sus,order,inversion,0,0,1094.157942354918,0.1109999999999999,33.6294941107432
a280,sus,order,scramble,0,1,1084.7744603851622,0.1017777777777777,31.16563256581624
a280,sus,order,inversion,1,0,649.1017190125372,0.8597777777777779,254.96292026837668
a280,sus,order,scramble,0,0,1084.5805867907457,0.1255555555555555,38.85880470275879
a280,rank,pmx,swap,1,1,278.2473827064753,1.0,195.65839823087055
a280,sus,order,scramble,1,0,752.164921804317,0.8455555555555555,253.40582394599917
a280,sus,order,scramble,1,1,740.3127827323251,0.9341111111111112,280.7151219844818
a280,rank,pmx,swap,1,0,281.155486622722,1.0,194.64809640248615
a280,rank,pmx,swap,0,1,266.3435440093059,1.0,202.0210175514221
a280,rank,pmx,swap,0,0,272.1339020292103,1.0,201.5730064709981
a280,rank,pmx,inversion,1,0,87.2818922062815,1.0,196.54119157791135
a280,rank,pmx,inversion,1,1,86.59687217267674,1.0,198.04551974932352
a280,rank,pmx,scramble,1,0,619.0383869716944,0.8444444444444444,166.90154496828714
a280,rank,pmx,inversion,0,1,87.90228770841411,1.0,202.89831479390463
a280,rank,pmx,inversion,0,0,84.73568566627893,1.0,202.5693657398224
a280,rank,pmx,scramble,1,1,590.034897246995,1.0,198.92686049143472
a280,rank,pmx,scramble,0,1,599.7802765929947,1.0,202.34284631411236
a280,rank,pmx,scramble,0,0,592.2321313170479,1.0,202.2252562046051
a280,rank,order,swap,1,1,213.0283055447848,1.0,272.3755230903625
a280,rank,order,swap,1,0,220.22747835078192,1.0,272.87767910957336
a280,rank,order,swap,0,1,221.1451466976864,1.0,279.119520187378
a280,rank,order,swap,0,0,225.3586661496704,1.0,278.23884121576947
a280,rank,order,inversion,1,1,82.84864934729224,1.0,270.42269134521484
a280,rank,order,inversion,1,0,79.57864805480159,1.0,270.5749131838481
a280,rank,order,inversion,0,1,81.18133643531085,1.0,277.6819115479787
a280,rank,order,inversion,0,0,86.183275171255,1.0,275.3047525882721
a280,rank,order,scramble,1,1,392.7103528499419,0.9231111111111112,251.3127262592316
a280,rank,order,scramble,1,0,372.39240015509887,1.0,271.3389542102814
a280,rank,order,scramble,0,1,346.11606565852395,0.9726666666666668,257.57319196065265
a280,rank,order,scramble,0,0,367.1707380121495,0.9284444444444444,245.68221418062845
